pose,punto,ang optimo,ang medido medio
tree,"(11, 23, 25)",120,146
tree,"(12, 24, 26)",174,163
tree,"(23, 25, 27)",56,174
tree,"(24, 26, 28)",176,178
tree,"(11, 23, 25)",120,142
tree,"(12, 24, 26)",174,168
tree,"(23, 25, 27)",56,173
tree,"(24, 26, 28)",176,178
tree,"(11, 23, 25)",120,144
tree,"(12, 24, 26)",174,173
tree,"(23, 25, 27)",56,172
tree,"(24, 26, 28)",176,176
tree,"(11, 23, 25)",120,155
tree,"(12, 24, 26)",174,177
tree,"(23, 25, 27)",56,154
tree,"(24, 26, 28)",176,176
tree,"(11, 23, 25)",120,162
tree,"(12, 24, 26)",174,175
tree,"(23, 25, 27)",56,149
tree,"(24, 26, 28)",176,173
tree,"(11, 23, 25)",120,163
tree,"(12, 24, 26)",174,175
tree,"(23, 25, 27)",56,150
tree,"(24, 26, 28)",176,167
tree,"(11, 23, 25)",120,163
tree,"(12, 24, 26)",174,178
tree,"(23, 25, 27)",56,150
tree,"(24, 26, 28)",176,167
tree,"(11, 23, 25)",120,163
tree,"(12, 24, 26)",174,179
tree,"(23, 25, 27)",56,160
tree,"(24, 26, 28)",176,168
tree,"(11, 23, 25)",120,160
tree,"(12, 24, 26)",174,178
tree,"(23, 25, 27)",56,170
tree,"(24, 26, 28)",176,168
tree,"(11, 23, 25)",120,168
tree,"(12, 24, 26)",174,170
tree,"(23, 25, 27)",56,169
tree,"(24, 26, 28)",176,159
tree_inv,"(11, 23, 25)",174,176
tree_inv,"(12, 24, 26)",120,152
tree_inv,"(23, 25, 27)",176,162
tree_inv,"(24, 26, 28)",56,124
tree_inv,"(11, 23, 25)",174,174
tree_inv,"(12, 24, 26)",120,123
tree_inv,"(23, 25, 27)",176,158
tree_inv,"(24, 26, 28)",56,66
tree_inv,"(11, 23, 25)",174,171
tree_inv,"(12, 24, 26)",120,111
tree_inv,"(23, 25, 27)",176,156
tree_inv,"(24, 26, 28)",56,50
tree_inv,"(11, 23, 25)",174,168
tree_inv,"(12, 24, 26)",120,110
tree_inv,"(23, 25, 27)",176,154
tree_inv,"(24, 26, 28)",56,40
tree_inv,"(11, 23, 25)",174,171
tree_inv,"(12, 24, 26)",120,112
tree_inv,"(23, 25, 27)",176,155
tree_inv,"(24, 26, 28)",56,39
tree_inv,"(11, 23, 25)",174,173
tree_inv,"(12, 24, 26)",120,114
tree_inv,"(23, 25, 27)",176,157
tree_inv,"(24, 26, 28)",56,37
tree_inv,"(11, 23, 25)",174,175
tree_inv,"(12, 24, 26)",120,115
tree_inv,"(23, 25, 27)",176,158
tree_inv,"(24, 26, 28)",56,37
tree_inv,"(11, 23, 25)",174,176
tree_inv,"(12, 24, 26)",120,115
tree_inv,"(23, 25, 27)",176,158
tree_inv,"(24, 26, 28)",56,36
tree_inv,"(11, 23, 25)",174,174
tree_inv,"(12, 24, 26)",120,116
tree_inv,"(23, 25, 27)",176,155
tree_inv,"(24, 26, 28)",56,37
tree_inv,"(11, 23, 25)",174,173
tree_inv,"(12, 24, 26)",120,116
tree_inv,"(23, 25, 27)",176,154
tree_inv,"(24, 26, 28)",56,36
tree_inv,"(11, 23, 25)",174,173
tree_inv,"(12, 24, 26)",120,115
tree_inv,"(23, 25, 27)",176,154
tree_inv,"(24, 26, 28)",56,35
tree_inv,"(11, 23, 25)",174,171
tree_inv,"(12, 24, 26)",120,114
tree_inv,"(23, 25, 27)",176,154
tree_inv,"(24, 26, 28)",56,34
tree_inv,"(11, 23, 25)",174,169
tree_inv,"(12, 24, 26)",120,110
tree_inv,"(23, 25, 27)",176,155
tree_inv,"(24, 26, 28)",56,33
tree_inv,"(11, 23, 25)",174,167
tree_inv,"(12, 24, 26)",120,107
tree_inv,"(23, 25, 27)",176,158
tree_inv,"(24, 26, 28)",56,33
tree_inv,"(11, 23, 25)",174,166
tree_inv,"(12, 24, 26)",120,105
tree_inv,"(23, 25, 27)",176,160
tree_inv,"(24, 26, 28)",56,34
tree_inv,"(11, 23, 25)",174,165
tree_inv,"(12, 24, 26)",120,103
tree_inv,"(23, 25, 27)",176,160
tree_inv,"(24, 26, 28)",56,35
tree_inv,"(11, 23, 25)",174,168
tree_inv,"(12, 24, 26)",120,104
tree_inv,"(23, 25, 27)",176,156
tree_inv,"(24, 26, 28)",56,36
tree_inv,"(11, 23, 25)",174,172
tree_inv,"(12, 24, 26)",120,106
tree_inv,"(23, 25, 27)",176,152
tree_inv,"(24, 26, 28)",56,36
tree_inv,"(11, 23, 25)",174,178
tree_inv,"(12, 24, 26)",120,107
tree_inv,"(23, 25, 27)",176,152
tree_inv,"(24, 26, 28)",56,39
tree_inv,"(11, 23, 25)",174,176
tree_inv,"(12, 24, 26)",120,108
tree_inv,"(23, 25, 27)",176,153
tree_inv,"(24, 26, 28)",56,49
tree_inv,"(11, 23, 25)",174,168
tree_inv,"(12, 24, 26)",120,119
tree_inv,"(23, 25, 27)",176,158
tree_inv,"(24, 26, 28)",56,95
tree,"(11, 23, 25)",120,159
tree,"(12, 24, 26)",174,135
tree,"(23, 25, 27)",56,163
tree,"(24, 26, 28)",176,151
tree_inv,"(11, 23, 25)",174,145
tree_inv,"(12, 24, 26)",120,143
tree_inv,"(23, 25, 27)",176,170
tree_inv,"(24, 26, 28)",56,145
tree,"(11, 23, 25)",120,148
tree,"(12, 24, 26)",174,154
tree,"(23, 25, 27)",56,173
tree,"(24, 26, 28)",176,156
tree,"(11, 23, 25)",120,150
tree,"(12, 24, 26)",174,162
tree,"(23, 25, 27)",56,174
tree,"(24, 26, 28)",176,157
tree,"(11, 23, 25)",120,148
tree,"(12, 24, 26)",174,171
tree,"(23, 25, 27)",56,175
tree,"(24, 26, 28)",176,161
tree,"(11, 23, 25)",120,148
tree,"(12, 24, 26)",174,176
tree,"(23, 25, 27)",56,177
tree,"(24, 26, 28)",176,165
tree,"(11, 23, 25)",120,150
tree,"(12, 24, 26)",174,178
tree,"(23, 25, 27)",56,63
tree,"(24, 26, 28)",176,169
tree,"(11, 23, 25)",120,151
tree,"(12, 24, 26)",174,178
tree,"(23, 25, 27)",56,82
tree,"(24, 26, 28)",176,168
tree,"(11, 23, 25)",120,159
tree,"(12, 24, 26)",174,178
tree,"(23, 25, 27)",56,120
tree,"(24, 26, 28)",176,174
tree,"(11, 23, 25)",120,162
tree,"(12, 24, 26)",174,176
tree,"(23, 25, 27)",56,128
tree,"(24, 26, 28)",176,176
tree,"(11, 23, 25)",120,152
tree,"(12, 24, 26)",174,172
tree,"(23, 25, 27)",56,120
tree,"(24, 26, 28)",176,177
tree,"(11, 23, 25)",120,160
tree,"(12, 24, 26)",174,176
tree,"(23, 25, 27)",56,132
tree,"(24, 26, 28)",176,169
tree,"(11, 23, 25)",120,157
tree,"(12, 24, 26)",174,177
tree,"(23, 25, 27)",56,125
tree,"(24, 26, 28)",176,167
tree,"(11, 23, 25)",120,151
tree,"(12, 24, 26)",174,179
tree,"(23, 25, 27)",56,111
tree,"(24, 26, 28)",176,162
tree,"(11, 23, 25)",120,145
tree,"(12, 24, 26)",174,178
tree,"(23, 25, 27)",56,101
tree,"(24, 26, 28)",176,161
tree,"(11, 23, 25)",120,144
tree,"(12, 24, 26)",174,178
tree,"(23, 25, 27)",56,99
tree,"(24, 26, 28)",176,157
tree,"(11, 23, 25)",120,130
tree,"(12, 24, 26)",174,178
tree,"(23, 25, 27)",56,77
tree,"(24, 26, 28)",176,155
tree,"(11, 23, 25)",120,118
tree,"(12, 24, 26)",174,176
tree,"(23, 25, 27)",56,59
tree,"(24, 26, 28)",176,157
tree,"(11, 23, 25)",120,113
tree,"(12, 24, 26)",174,178
tree,"(23, 25, 27)",56,53
tree,"(24, 26, 28)",176,156
tree,"(11, 23, 25)",120,110
tree,"(12, 24, 26)",174,177
tree,"(23, 25, 27)",56,50
tree,"(24, 26, 28)",176,158
tree,"(11, 23, 25)",120,112
tree,"(12, 24, 26)",174,179
tree,"(23, 25, 27)",56,48
tree,"(24, 26, 28)",176,161
tree,"(11, 23, 25)",120,116
tree,"(12, 24, 26)",174,176
tree,"(23, 25, 27)",56,48
tree,"(24, 26, 28)",176,163
tree,"(11, 23, 25)",120,120
tree,"(12, 24, 26)",174,169
tree,"(23, 25, 27)",56,50
tree,"(24, 26, 28)",176,165
tree,"(11, 23, 25)",120,124
tree,"(12, 24, 26)",174,168
tree,"(23, 25, 27)",56,56
tree,"(24, 26, 28)",176,172
tree,"(11, 23, 25)",120,133
tree,"(12, 24, 26)",174,168
tree,"(23, 25, 27)",56,101
tree,"(24, 26, 28)",176,176
tree,"(11, 23, 25)",120,144
tree,"(12, 24, 26)",174,165
tree,"(23, 25, 27)",56,155
tree,"(24, 26, 28)",176,169
tree,"(11, 23, 25)",120,148
tree,"(12, 24, 26)",174,160
tree,"(23, 25, 27)",56,169
tree,"(24, 26, 28)",176,170
tree,"(11, 23, 25)",120,153
tree,"(12, 24, 26)",174,155
tree,"(23, 25, 27)",56,168
tree,"(24, 26, 28)",176,170
tree,"(11, 23, 25)",120,158
tree,"(12, 24, 26)",174,156
tree,"(23, 25, 27)",56,173
tree,"(24, 26, 28)",176,172
tree,"(11, 23, 25)",120,163
tree,"(12, 24, 26)",174,152
tree,"(23, 25, 27)",56,176
tree,"(24, 26, 28)",176,171
tree,"(11, 23, 25)",120,165
tree,"(12, 24, 26)",174,152
tree,"(23, 25, 27)",56,179
tree,"(24, 26, 28)",176,172
tree,"(11, 23, 25)",120,166
tree,"(12, 24, 26)",174,150
tree,"(23, 25, 27)",56,179
tree,"(24, 26, 28)",176,171
tree,"(11, 23, 25)",120,164
tree,"(12, 24, 26)",174,151
tree,"(23, 25, 27)",56,176
tree,"(24, 26, 28)",176,171
tree,"(11, 23, 25)",120,162
tree,"(12, 24, 26)",174,153
tree,"(23, 25, 27)",56,174
tree,"(24, 26, 28)",176,171
tree,"(11, 23, 25)",120,169
tree,"(12, 24, 26)",174,151
tree,"(23, 25, 27)",56,178
tree,"(24, 26, 28)",176,172
tree,"(11, 23, 25)",120,160
tree,"(12, 24, 26)",174,159
tree,"(23, 25, 27)",56,179
tree,"(24, 26, 28)",176,170
tree,"(11, 23, 25)",120,153
tree,"(12, 24, 26)",174,164
tree,"(23, 25, 27)",56,172
tree,"(24, 26, 28)",176,167
tree,"(11, 23, 25)",120,155
tree,"(12, 24, 26)",174,168
tree,"(23, 25, 27)",56,155
tree,"(24, 26, 28)",176,173
tree,"(11, 23, 25)",120,151
tree,"(12, 24, 26)",174,174
tree,"(23, 25, 27)",56,113
tree,"(24, 26, 28)",176,176
tree,"(11, 23, 25)",120,143
tree,"(12, 24, 26)",174,179
tree,"(23, 25, 27)",56,63
tree,"(24, 26, 28)",176,179
tree,"(11, 23, 25)",120,150
tree,"(12, 24, 26)",174,175
tree,"(23, 25, 27)",56,46
tree,"(24, 26, 28)",176,178
tree,"(11, 23, 25)",120,152
tree,"(12, 24, 26)",174,174
tree,"(23, 25, 27)",56,34
tree,"(24, 26, 28)",176,178
tree,"(11, 23, 25)",120,158
tree,"(12, 24, 26)",174,174
tree,"(23, 25, 27)",56,114
tree,"(24, 26, 28)",176,178
tree,"(11, 23, 25)",120,166
tree,"(12, 24, 26)",174,176
tree,"(23, 25, 27)",56,178
tree,"(24, 26, 28)",176,179
tree,"(11, 23, 25)",120,166
tree,"(12, 24, 26)",174,177
tree,"(23, 25, 27)",56,174
tree,"(24, 26, 28)",176,178
tree,"(11, 23, 25)",120,169
tree,"(12, 24, 26)",174,179
tree,"(23, 25, 27)",56,164
tree,"(24, 26, 28)",176,179
tree,"(11, 23, 25)",120,171
tree,"(12, 24, 26)",174,179
tree,"(23, 25, 27)",56,160
tree,"(24, 26, 28)",176,178
tree,"(11, 23, 25)",120,170
tree,"(12, 24, 26)",174,179
tree,"(23, 25, 27)",56,162
tree,"(24, 26, 28)",176,178
tree,"(11, 23, 25)",120,169
tree,"(12, 24, 26)",174,179
tree,"(23, 25, 27)",56,169
tree,"(24, 26, 28)",176,177
tree,"(11, 23, 25)",120,167
tree,"(12, 24, 26)",174,177
tree,"(23, 25, 27)",56,161
tree,"(24, 26, 28)",176,172
tree,"(11, 23, 25)",120,163
tree,"(12, 24, 26)",174,175
tree,"(23, 25, 27)",56,44
tree,"(24, 26, 28)",176,166
tree,"(11, 23, 25)",120,160
tree,"(12, 24, 26)",174,178
tree,"(23, 25, 27)",56,57
tree,"(24, 26, 28)",176,166
tree,"(11, 23, 25)",120,146
tree,"(12, 24, 26)",174,173
tree,"(23, 25, 27)",56,58
tree,"(24, 26, 28)",176,169
tree,"(11, 23, 25)",120,142
tree,"(12, 24, 26)",174,162
tree,"(23, 25, 27)",56,57
tree,"(24, 26, 28)",176,174
tree,"(11, 23, 25)",120,145
tree,"(12, 24, 26)",174,156
tree,"(23, 25, 27)",56,61
tree,"(24, 26, 28)",176,179
tree,"(11, 23, 25)",120,151
tree,"(12, 24, 26)",174,148
tree,"(23, 25, 27)",56,116
tree,"(24, 26, 28)",176,173
tree,"(11, 23, 25)",120,154
tree,"(12, 24, 26)",174,145
tree,"(23, 25, 27)",56,158
tree,"(24, 26, 28)",176,172
tree,"(11, 23, 25)",120,154
tree,"(12, 24, 26)",174,137
tree,"(23, 25, 27)",56,159
tree,"(24, 26, 28)",176,167
tree,"(11, 23, 25)",120,158
tree,"(12, 24, 26)",174,133
tree,"(23, 25, 27)",56,159
tree,"(24, 26, 28)",176,169
tree,"(11, 23, 25)",120,169
tree,"(12, 24, 26)",174,131
tree,"(23, 25, 27)",56,167
tree,"(24, 26, 28)",176,178
tree,"(11, 23, 25)",120,175
tree,"(12, 24, 26)",174,140
tree,"(23, 25, 27)",56,169
tree,"(24, 26, 28)",176,166
tree,"(11, 23, 25)",120,179
tree,"(12, 24, 26)",174,144
tree,"(23, 25, 27)",56,175
tree,"(24, 26, 28)",176,166
tree,"(11, 23, 25)",120,178
tree,"(12, 24, 26)",174,143
tree,"(23, 25, 27)",56,177
tree,"(24, 26, 28)",176,171
tree,"(11, 23, 25)",120,178
tree,"(12, 24, 26)",174,148
tree,"(23, 25, 27)",56,179
tree,"(24, 26, 28)",176,173
tree,"(11, 23, 25)",120,178
tree,"(12, 24, 26)",174,155
tree,"(23, 25, 27)",56,179
tree,"(24, 26, 28)",176,172
tree,"(11, 23, 25)",120,174
tree,"(12, 24, 26)",174,158
tree,"(23, 25, 27)",56,177
tree,"(24, 26, 28)",176,175
tree,"(11, 23, 25)",120,172
tree,"(12, 24, 26)",174,154
tree,"(23, 25, 27)",56,175
tree,"(24, 26, 28)",176,177
tree,"(11, 23, 25)",120,161
tree,"(12, 24, 26)",174,168
tree,"(23, 25, 27)",56,174
tree,"(24, 26, 28)",176,169
tree,"(11, 23, 25)",120,148
tree,"(12, 24, 26)",174,172
tree,"(23, 25, 27)",56,174
tree,"(24, 26, 28)",176,176
tree,"(11, 23, 25)",120,139
tree,"(12, 24, 26)",174,179
tree,"(23, 25, 27)",56,171
tree,"(24, 26, 28)",176,175
tree,"(11, 23, 25)",120,137
tree,"(12, 24, 26)",174,178
tree,"(23, 25, 27)",56,160
tree,"(24, 26, 28)",176,174
tree,"(11, 23, 25)",120,143
tree,"(12, 24, 26)",174,177
tree,"(23, 25, 27)",56,157
tree,"(24, 26, 28)",176,177
tree,"(11, 23, 25)",120,143
tree,"(12, 24, 26)",174,171
tree,"(23, 25, 27)",56,158
tree,"(24, 26, 28)",176,166
tree,"(11, 23, 25)",120,137
tree,"(12, 24, 26)",174,162
tree,"(23, 25, 27)",56,153
tree,"(24, 26, 28)",176,163
tree_inv,"(11, 23, 25)",174,132
tree_inv,"(12, 24, 26)",120,151
tree_inv,"(23, 25, 27)",176,152
tree_inv,"(24, 26, 28)",56,148
tree_inv,"(11, 23, 25)",174,126
tree_inv,"(12, 24, 26)",120,142
tree_inv,"(23, 25, 27)",176,150
tree_inv,"(24, 26, 28)",56,139
tree_inv,"(11, 23, 25)",174,121
tree_inv,"(12, 24, 26)",120,131
tree_inv,"(23, 25, 27)",176,148
tree_inv,"(24, 26, 28)",56,136
tree_inv,"(11, 23, 25)",174,111
tree_inv,"(12, 24, 26)",120,108
tree_inv,"(23, 25, 27)",176,137
tree_inv,"(24, 26, 28)",56,137
tree_inv,"(11, 23, 25)",174,104
tree_inv,"(12, 24, 26)",120,114
tree_inv,"(23, 25, 27)",176,134
tree_inv,"(24, 26, 28)",56,140
tree_inv,"(11, 23, 25)",174,98
tree_inv,"(12, 24, 26)",120,96
tree_inv,"(23, 25, 27)",176,129
tree_inv,"(24, 26, 28)",56,125
tree_inv,"(11, 23, 25)",174,69
tree_inv,"(12, 24, 26)",120,89
tree_inv,"(23, 25, 27)",176,110
tree_inv,"(24, 26, 28)",56,115
tree_inv,"(11, 23, 25)",174,31
tree_inv,"(12, 24, 26)",120,48
tree_inv,"(23, 25, 27)",176,58
tree_inv,"(24, 26, 28)",56,76
tree_inv,"(11, 23, 25)",174,18
tree_inv,"(12, 24, 26)",120,29
tree_inv,"(23, 25, 27)",176,40
tree_inv,"(24, 26, 28)",56,62
tree_inv,"(11, 23, 25)",174,16
tree_inv,"(12, 24, 26)",120,24
tree_inv,"(23, 25, 27)",176,33
tree_inv,"(24, 26, 28)",56,51
tree_inv,"(11, 23, 25)",174,12
tree_inv,"(12, 24, 26)",120,25
tree_inv,"(23, 25, 27)",176,35
tree_inv,"(24, 26, 28)",56,52
tree_inv,"(11, 23, 25)",174,11
tree_inv,"(12, 24, 26)",120,23
tree_inv,"(23, 25, 27)",176,29
tree_inv,"(24, 26, 28)",56,49
tree_inv,"(11, 23, 25)",174,15
tree_inv,"(12, 24, 26)",120,26
tree_inv,"(23, 25, 27)",176,34
tree_inv,"(24, 26, 28)",56,56
tree_inv,"(12, 24, 26)",120,35
tree_inv,"(24, 26, 28)",56,73
tree_inv,"(12, 24, 26)",120,32
tree_inv,"(24, 26, 28)",56,68
tree_inv,"(12, 24, 26)",120,24
tree_inv,"(24, 26, 28)",56,60
tree_inv,"(12, 24, 26)",120,23
tree_inv,"(24, 26, 28)",56,56
tree_inv,"(12, 24, 26)",120,24
tree_inv,"(24, 26, 28)",56,55
tree_inv,"(12, 24, 26)",120,24
tree_inv,"(24, 26, 28)",56,59
tree_inv,"(12, 24, 26)",120,25
tree_inv,"(24, 26, 28)",56,58
downdog,"(24, 12, 14)",169,127
downdog,"(12, 14, 16)",166,162
downdog,"(12, 24, 26)",56,33
downdog,"(24, 26, 28)",174,69
downdog,"(24, 12, 14)",169,126
downdog,"(12, 14, 16)",166,163
downdog,"(12, 24, 26)",56,40
downdog,"(24, 26, 28)",174,77
downdog,"(24, 12, 14)",169,124
downdog,"(12, 14, 16)",166,161
downdog,"(12, 24, 26)",56,43
downdog,"(24, 26, 28)",174,81
downdog,"(24, 12, 14)",169,125
downdog,"(12, 14, 16)",166,164
downdog,"(12, 24, 26)",56,44
downdog,"(24, 26, 28)",174,79
downdog,"(24, 12, 14)",169,117
downdog,"(12, 14, 16)",166,158
downdog,"(12, 24, 26)",56,47
downdog,"(24, 26, 28)",174,81
downdog,"(24, 12, 14)",169,112
downdog,"(12, 14, 16)",166,156
downdog,"(12, 24, 26)",56,49
downdog,"(24, 26, 28)",174,80
downdog,"(24, 12, 14)",169,109
downdog,"(12, 14, 16)",166,154
downdog,"(12, 24, 26)",56,49
downdog,"(24, 26, 28)",174,79
downdog,"(24, 12, 14)",169,108
downdog,"(12, 14, 16)",166,150
downdog,"(12, 24, 26)",56,54
downdog,"(24, 26, 28)",174,85
downdog,"(24, 12, 14)",169,99
downdog,"(12, 14, 16)",166,139
downdog,"(12, 24, 26)",56,56
downdog,"(24, 26, 28)",174,89
downdog,"(24, 12, 14)",169,93
downdog,"(12, 14, 16)",166,140
downdog,"(12, 24, 26)",56,63
downdog,"(24, 26, 28)",174,100
downdog,"(24, 12, 14)",169,81
downdog,"(12, 14, 16)",166,135
downdog,"(12, 24, 26)",56,71
downdog,"(24, 26, 28)",174,106
downdog,"(24, 12, 14)",169,76
downdog,"(12, 14, 16)",166,127
downdog,"(12, 24, 26)",56,76
downdog,"(24, 26, 28)",174,109
downdog,"(24, 12, 14)",169,76
downdog,"(12, 14, 16)",166,132
downdog,"(12, 24, 26)",56,78
downdog,"(24, 26, 28)",174,109
downdog,"(24, 12, 14)",169,84
downdog,"(12, 14, 16)",166,135
downdog,"(12, 24, 26)",56,75
downdog,"(24, 26, 28)",174,107
downdog,"(24, 12, 14)",169,81
downdog,"(12, 14, 16)",166,134
downdog,"(12, 24, 26)",56,78
downdog,"(24, 26, 28)",174,105
downdog,"(24, 12, 14)",169,73
downdog,"(12, 14, 16)",166,130
downdog,"(12, 24, 26)",56,99
downdog,"(24, 26, 28)",174,127
downdog,"(24, 12, 14)",169,65
downdog,"(12, 14, 16)",166,124
downdog,"(12, 24, 26)",56,117
downdog,"(24, 26, 28)",174,146
downdog,"(24, 12, 14)",169,64
downdog,"(12, 14, 16)",166,129
downdog,"(12, 24, 26)",56,134
downdog,"(24, 26, 28)",174,168
downdog,"(24, 12, 14)",169,61
downdog,"(12, 14, 16)",166,128
downdog,"(12, 24, 26)",56,140
downdog,"(24, 26, 28)",174,178
downdog,"(24, 12, 14)",169,57
downdog,"(12, 14, 16)",166,116
downdog,"(12, 24, 26)",56,144
downdog,"(24, 26, 28)",174,172
downdog,"(24, 12, 14)",169,63
downdog,"(12, 14, 16)",166,128
downdog,"(12, 24, 26)",56,147
downdog,"(24, 26, 28)",174,166
downdog,"(24, 12, 14)",169,63
downdog,"(12, 14, 16)",166,122
downdog,"(12, 24, 26)",56,148
downdog,"(24, 26, 28)",174,163
downdog,"(24, 12, 14)",169,62
downdog,"(12, 14, 16)",166,117
downdog,"(12, 24, 26)",56,147
downdog,"(24, 26, 28)",174,163
downdog,"(24, 12, 14)",169,65
downdog,"(12, 14, 16)",166,127
downdog,"(12, 24, 26)",56,147
downdog,"(24, 26, 28)",174,163
downdog,"(24, 12, 14)",169,68
downdog,"(12, 14, 16)",166,134
downdog,"(12, 24, 26)",56,147
downdog,"(24, 26, 28)",174,163
downdog,"(24, 12, 14)",169,69
downdog,"(12, 14, 16)",166,136
downdog,"(12, 24, 26)",56,148
downdog,"(24, 26, 28)",174,162
downdog,"(24, 12, 14)",169,69
downdog,"(12, 14, 16)",166,138
downdog,"(12, 24, 26)",56,148
downdog,"(24, 26, 28)",174,161
downdog,"(24, 12, 14)",169,69
downdog,"(12, 14, 16)",166,140
downdog,"(12, 24, 26)",56,149
downdog,"(24, 26, 28)",174,160
downdog,"(24, 12, 14)",169,70
downdog,"(12, 14, 16)",166,142
downdog,"(12, 24, 26)",56,148
downdog,"(24, 26, 28)",174,160
downdog,"(24, 12, 14)",169,70
downdog,"(12, 14, 16)",166,142
downdog,"(12, 24, 26)",56,147
downdog,"(24, 26, 28)",174,160
downdog,"(24, 12, 14)",169,69
downdog,"(12, 14, 16)",166,141
downdog,"(12, 24, 26)",56,145
downdog,"(24, 26, 28)",174,163
downdog,"(24, 12, 14)",169,69
downdog,"(12, 14, 16)",166,141
downdog,"(12, 24, 26)",56,142
downdog,"(24, 26, 28)",174,171
downdog,"(24, 12, 14)",169,68
downdog,"(12, 14, 16)",166,141
downdog,"(12, 24, 26)",56,143
downdog,"(24, 26, 28)",174,165
downdog,"(24, 12, 14)",169,67
downdog,"(12, 14, 16)",166,142
downdog,"(12, 24, 26)",56,144
downdog,"(24, 26, 28)",174,161
downdog,"(24, 12, 14)",169,67
downdog,"(12, 14, 16)",166,143
downdog,"(12, 24, 26)",56,144
downdog,"(24, 26, 28)",174,161
downdog,"(24, 12, 14)",169,66
downdog,"(12, 14, 16)",166,143
downdog,"(12, 24, 26)",56,144
downdog,"(24, 26, 28)",174,162
downdog,"(24, 12, 14)",169,72
downdog,"(12, 14, 16)",166,148
downdog,"(12, 24, 26)",56,144
downdog,"(24, 26, 28)",174,163
downdog,"(24, 12, 14)",169,69
downdog,"(12, 14, 16)",166,146
downdog,"(12, 24, 26)",56,144
downdog,"(24, 26, 28)",174,162
downdog,"(24, 12, 14)",169,70
downdog,"(12, 14, 16)",166,147
downdog,"(12, 24, 26)",56,144
downdog,"(24, 26, 28)",174,163
downdog,"(24, 12, 14)",169,70
downdog,"(12, 14, 16)",166,146
downdog,"(12, 24, 26)",56,141
downdog,"(24, 26, 28)",174,170
downdog,"(24, 12, 14)",169,69
downdog,"(12, 14, 16)",166,144
downdog,"(12, 24, 26)",56,131
downdog,"(24, 26, 28)",174,171
downdog,"(24, 12, 14)",169,71
downdog,"(12, 14, 16)",166,145
downdog,"(12, 24, 26)",56,126
downdog,"(24, 26, 28)",174,165
downdog,"(24, 12, 14)",169,72
downdog,"(12, 14, 16)",166,145
downdog,"(12, 24, 26)",56,127
downdog,"(24, 26, 28)",174,166
downdog,"(24, 12, 14)",169,73
downdog,"(12, 14, 16)",166,146
downdog,"(12, 24, 26)",56,127
downdog,"(24, 26, 28)",174,168
downdog,"(24, 12, 14)",169,79
downdog,"(12, 14, 16)",166,150
downdog,"(12, 24, 26)",56,125
downdog,"(24, 26, 28)",174,164
downdog,"(24, 12, 14)",169,86
downdog,"(12, 14, 16)",166,156
downdog,"(12, 24, 26)",56,125
downdog,"(24, 26, 28)",174,164
downdog,"(24, 12, 14)",169,87
downdog,"(12, 14, 16)",166,156
downdog,"(12, 24, 26)",56,126
downdog,"(24, 26, 28)",174,167
downdog,"(24, 12, 14)",169,90
downdog,"(12, 14, 16)",166,159
downdog,"(12, 24, 26)",56,129
downdog,"(24, 26, 28)",174,171
downdog,"(24, 12, 14)",169,88
downdog,"(12, 14, 16)",166,154
downdog,"(12, 24, 26)",56,131
downdog,"(24, 26, 28)",174,176
downdog,"(24, 12, 14)",169,92
downdog,"(12, 14, 16)",166,154
downdog,"(12, 24, 26)",56,131
downdog,"(24, 26, 28)",174,176
downdog,"(24, 12, 14)",169,91
downdog,"(12, 14, 16)",166,149
downdog,"(12, 24, 26)",56,132
downdog,"(24, 26, 28)",174,176
downdog,"(24, 12, 14)",169,87
downdog,"(12, 14, 16)",166,141
downdog,"(12, 24, 26)",56,131
downdog,"(24, 26, 28)",174,175
downdog,"(24, 12, 14)",169,86
downdog,"(12, 14, 16)",166,138
downdog,"(12, 24, 26)",56,129
downdog,"(24, 26, 28)",174,172
downdog,"(24, 12, 14)",169,88
downdog,"(12, 14, 16)",166,140
downdog,"(12, 24, 26)",56,128
downdog,"(24, 26, 28)",174,170
downdog,"(24, 12, 14)",169,88
downdog,"(12, 14, 16)",166,138
downdog,"(12, 24, 26)",56,127
downdog,"(24, 26, 28)",174,169
downdog,"(24, 12, 14)",169,86
downdog,"(12, 14, 16)",166,134
downdog,"(12, 24, 26)",56,127
downdog,"(24, 26, 28)",174,170
downdog,"(24, 12, 14)",169,88
downdog,"(12, 14, 16)",166,137
downdog,"(12, 24, 26)",56,128
downdog,"(24, 26, 28)",174,172
downdog,"(24, 12, 14)",169,90
downdog,"(12, 14, 16)",166,139
downdog,"(12, 24, 26)",56,128
downdog,"(24, 26, 28)",174,171
downdog,"(24, 12, 14)",169,90
downdog,"(12, 14, 16)",166,140
downdog,"(12, 24, 26)",56,130
downdog,"(24, 26, 28)",174,176
downdog,"(24, 12, 14)",169,91
downdog,"(12, 14, 16)",166,138
downdog,"(12, 24, 26)",56,129
downdog,"(24, 26, 28)",174,174
downdog,"(24, 12, 14)",169,90
downdog,"(12, 14, 16)",166,139
downdog,"(12, 24, 26)",56,129
downdog,"(24, 26, 28)",174,173
downdog,"(24, 12, 14)",169,85
downdog,"(12, 14, 16)",166,128
downdog,"(12, 24, 26)",56,128
downdog,"(24, 26, 28)",174,171
downdog,"(24, 12, 14)",169,79
downdog,"(12, 14, 16)",166,121
downdog,"(12, 24, 26)",56,129
downdog,"(24, 26, 28)",174,171
downdog,"(24, 12, 14)",169,66
downdog,"(12, 14, 16)",166,112
downdog,"(12, 24, 26)",56,135
downdog,"(24, 26, 28)",174,177
downdog,"(24, 12, 14)",169,68
downdog,"(12, 14, 16)",166,124
downdog,"(12, 24, 26)",56,134
downdog,"(24, 26, 28)",174,175
downdog,"(24, 12, 14)",169,64
downdog,"(12, 14, 16)",166,104
downdog,"(12, 24, 26)",56,127
downdog,"(24, 26, 28)",174,166
downdog,"(24, 12, 14)",169,71
downdog,"(12, 14, 16)",166,105
downdog,"(12, 24, 26)",56,76
downdog,"(24, 26, 28)",174,106
downdog,"(24, 12, 14)",169,79
downdog,"(12, 14, 16)",166,111
downdog,"(12, 24, 26)",56,26
downdog,"(24, 26, 28)",174,55
downdog,"(24, 12, 14)",169,84
downdog,"(12, 14, 16)",166,120
downdog,"(12, 24, 26)",56,18
downdog,"(24, 26, 28)",174,52
downdog,"(24, 12, 14)",169,94
downdog,"(12, 14, 16)",166,134
downdog,"(12, 24, 26)",56,18
downdog,"(24, 26, 28)",174,47
downdog,"(24, 12, 14)",169,100
downdog,"(12, 14, 16)",166,142
downdog,"(12, 24, 26)",56,15
downdog,"(24, 26, 28)",174,45
downdog,"(24, 12, 14)",169,111
downdog,"(12, 14, 16)",166,154
downdog,"(12, 24, 26)",56,15
downdog,"(24, 26, 28)",174,47
downdog,"(24, 12, 14)",169,114
downdog,"(12, 14, 16)",166,151
downdog,"(12, 24, 26)",56,17
downdog,"(24, 26, 28)",174,53
downdog,"(24, 12, 14)",169,120
downdog,"(12, 14, 16)",166,149
downdog,"(12, 24, 26)",56,17
downdog,"(24, 26, 28)",174,54
downdog,"(24, 12, 14)",169,129
downdog,"(12, 14, 16)",166,160
downdog,"(12, 24, 26)",56,21
downdog,"(24, 26, 28)",174,53
downdog,"(24, 12, 14)",169,92
downdog,"(12, 14, 16)",166,113
downdog,"(12, 24, 26)",56,24
downdog,"(24, 26, 28)",174,60
downdog,"(24, 12, 14)",169,93
downdog,"(12, 14, 16)",166,145
downdog,"(12, 24, 26)",56,28
downdog,"(24, 26, 28)",174,62
downdog,"(24, 12, 14)",169,47
downdog,"(12, 14, 16)",166,127
downdog,"(12, 24, 26)",56,39
downdog,"(24, 26, 28)",174,64
downdog,"(23, 11, 13)",169,97
downdog,"(24, 12, 14)",169,22
downdog,"(11, 13, 15)",166,175
downdog,"(12, 14, 16)",166,121
downdog,"(12, 24, 26)",56,43
downdog,"(24, 26, 28)",174,70
tree,"(11, 23, 25)",120,136
tree,"(12, 24, 26)",174,163
tree,"(23, 25, 27)",56,151
tree,"(24, 26, 28)",176,161
tree_inv,"(11, 23, 25)",174,142
tree_inv,"(12, 24, 26)",120,126
tree_inv,"(23, 25, 27)",176,175
tree_inv,"(24, 26, 28)",56,134
tree,"(11, 23, 25)",120,142
tree,"(12, 24, 26)",174,129
tree,"(23, 25, 27)",56,151
tree,"(24, 26, 28)",176,152
tree,"(11, 23, 25)",120,162
tree,"(12, 24, 26)",174,136
tree,"(23, 25, 27)",56,153
tree,"(24, 26, 28)",176,152
tree_inv,"(11, 23, 25)",174,153
tree_inv,"(12, 24, 26)",120,132
tree_inv,"(23, 25, 27)",176,132
tree_inv,"(24, 26, 28)",56,135
tree_inv,"(11, 23, 25)",174,122
tree_inv,"(12, 24, 26)",120,145
tree_inv,"(23, 25, 27)",176,87
tree_inv,"(24, 26, 28)",56,146
tree,"(11, 23, 25)",120,116
tree,"(12, 24, 26)",174,154
tree,"(23, 25, 27)",56,116
tree,"(24, 26, 28)",176,152
tree,"(11, 23, 25)",120,134
tree,"(12, 24, 26)",174,166
tree,"(23, 25, 27)",56,156
tree,"(24, 26, 28)",176,150
tree,"(11, 23, 25)",120,143
tree,"(12, 24, 26)",174,169
tree,"(23, 25, 27)",56,163
tree,"(24, 26, 28)",176,151
tree,"(11, 23, 25)",120,145
tree,"(12, 24, 26)",174,167
tree,"(23, 25, 27)",56,156
tree,"(24, 26, 28)",176,157
tree,"(11, 23, 25)",120,149
tree,"(12, 24, 26)",174,162
tree,"(23, 25, 27)",56,165
tree,"(24, 26, 28)",176,159
tree,"(11, 23, 25)",120,156
tree,"(12, 24, 26)",174,163
tree,"(23, 25, 27)",56,171
tree,"(24, 26, 28)",176,168
tree,"(11, 23, 25)",120,157
tree,"(12, 24, 26)",174,163
tree,"(23, 25, 27)",56,176
tree,"(24, 26, 28)",176,170
tree,"(11, 23, 25)",120,163
tree,"(12, 24, 26)",174,173
tree,"(23, 25, 27)",56,179
tree,"(24, 26, 28)",176,171
tree,"(11, 23, 25)",120,162
tree,"(12, 24, 26)",174,175
tree,"(23, 25, 27)",56,179
tree,"(24, 26, 28)",176,166
warrior,"(13, 11, 23)",95,116
warrior,"(14, 12, 24)",97,90
warrior,"(11, 13, 15)",172,172
warrior,"(16, 14, 12)",171,169
warrior,"(11, 23, 25)",100,177
warrior,"(12, 24, 26)",135,142
warrior,"(23, 25, 27)",110,165
warrior,"(24, 26, 28)",170,172
warrior,"(13, 11, 23)",95,120
warrior,"(14, 12, 24)",97,88
warrior,"(11, 13, 15)",172,177
warrior,"(16, 14, 12)",171,168
warrior,"(11, 23, 25)",100,176
warrior,"(12, 24, 26)",135,143
warrior,"(23, 25, 27)",110,166
warrior,"(24, 26, 28)",170,172
warrior,"(13, 11, 23)",95,121
warrior,"(14, 12, 24)",97,87
warrior,"(11, 13, 15)",172,179
warrior,"(16, 14, 12)",171,168
warrior,"(11, 23, 25)",100,175
warrior,"(12, 24, 26)",135,145
warrior,"(23, 25, 27)",110,167
warrior,"(24, 26, 28)",170,170
warrior,"(13, 11, 23)",95,121
warrior,"(14, 12, 24)",97,87
warrior,"(11, 13, 15)",172,179
warrior,"(16, 14, 12)",171,168
warrior,"(11, 23, 25)",100,173
warrior,"(12, 24, 26)",135,147
warrior,"(23, 25, 27)",110,167
warrior,"(24, 26, 28)",170,172
warrior,"(13, 11, 23)",95,120
warrior,"(14, 12, 24)",97,90
warrior,"(11, 13, 15)",172,178
warrior,"(16, 14, 12)",171,169
warrior,"(11, 23, 25)",100,171
warrior,"(12, 24, 26)",135,147
warrior,"(23, 25, 27)",110,168
warrior,"(24, 26, 28)",170,172
warrior,"(13, 11, 23)",95,120
warrior,"(14, 12, 24)",97,94
warrior,"(11, 13, 15)",172,178
warrior,"(16, 14, 12)",171,175
warrior,"(11, 23, 25)",100,167
warrior,"(12, 24, 26)",135,149
warrior,"(23, 25, 27)",110,173
warrior,"(24, 26, 28)",170,171
warrior,"(13, 11, 23)",95,121
warrior,"(14, 12, 24)",97,96
warrior,"(11, 13, 15)",172,176
warrior,"(16, 14, 12)",171,174
warrior,"(11, 23, 25)",100,163
warrior,"(12, 24, 26)",135,149
warrior,"(23, 25, 27)",110,174
warrior,"(24, 26, 28)",170,171
warrior,"(13, 11, 23)",95,120
warrior,"(14, 12, 24)",97,98
warrior,"(11, 13, 15)",172,177
warrior,"(16, 14, 12)",171,175
warrior,"(11, 23, 25)",100,161
warrior,"(12, 24, 26)",135,149
warrior,"(23, 25, 27)",110,176
warrior,"(24, 26, 28)",170,172
warrior,"(13, 11, 23)",95,118
warrior,"(14, 12, 24)",97,100
warrior,"(11, 13, 15)",172,179
warrior,"(16, 14, 12)",171,176
warrior,"(11, 23, 25)",100,160
warrior,"(12, 24, 26)",135,148
warrior,"(23, 25, 27)",110,177
warrior,"(24, 26, 28)",170,173
warrior,"(13, 11, 23)",95,118
warrior,"(14, 12, 24)",97,100
warrior,"(11, 13, 15)",172,179
warrior,"(16, 14, 12)",171,176
warrior,"(11, 23, 25)",100,159
warrior,"(12, 24, 26)",135,148
warrior,"(23, 25, 27)",110,178
warrior,"(24, 26, 28)",170,174
warrior,"(13, 11, 23)",95,118
warrior,"(14, 12, 24)",97,97
warrior,"(11, 13, 15)",172,178
warrior,"(16, 14, 12)",171,175
warrior,"(11, 23, 25)",100,159
warrior,"(12, 24, 26)",135,151
warrior,"(23, 25, 27)",110,179
warrior,"(24, 26, 28)",170,174
warrior,"(13, 11, 23)",95,117
warrior,"(14, 12, 24)",97,97
warrior,"(11, 13, 15)",172,177
warrior,"(16, 14, 12)",171,175
warrior,"(11, 23, 25)",100,160
warrior,"(12, 24, 26)",135,152
warrior,"(23, 25, 27)",110,178
warrior,"(24, 26, 28)",170,175
warrior,"(13, 11, 23)",95,117
warrior,"(14, 12, 24)",97,97
warrior,"(11, 13, 15)",172,176
warrior,"(16, 14, 12)",171,176
warrior,"(11, 23, 25)",100,160
warrior,"(12, 24, 26)",135,154
warrior,"(23, 25, 27)",110,179
warrior,"(24, 26, 28)",170,175
warrior,"(13, 11, 23)",95,116
warrior,"(14, 12, 24)",97,97
warrior,"(11, 13, 15)",172,177
warrior,"(16, 14, 12)",171,177
warrior,"(11, 23, 25)",100,159
warrior,"(12, 24, 26)",135,154
warrior,"(23, 25, 27)",110,179
warrior,"(24, 26, 28)",170,175
warrior,"(13, 11, 23)",95,117
warrior,"(14, 12, 24)",97,97
warrior,"(11, 13, 15)",172,177
warrior,"(16, 14, 12)",171,177
warrior,"(11, 23, 25)",100,160
warrior,"(12, 24, 26)",135,153
warrior,"(23, 25, 27)",110,179
warrior,"(24, 26, 28)",170,176
warrior,"(13, 11, 23)",95,117
warrior,"(14, 12, 24)",97,98
warrior,"(11, 13, 15)",172,178
warrior,"(16, 14, 12)",171,177
warrior,"(11, 23, 25)",100,163
warrior,"(12, 24, 26)",135,153
warrior,"(23, 25, 27)",110,178
warrior,"(24, 26, 28)",170,176
warrior,"(13, 11, 23)",95,118
warrior,"(14, 12, 24)",97,98
warrior,"(11, 13, 15)",172,177
warrior,"(16, 14, 12)",171,177
warrior,"(11, 23, 25)",100,163
warrior,"(12, 24, 26)",135,153
warrior,"(23, 25, 27)",110,178
warrior,"(24, 26, 28)",170,175
warrior,"(13, 11, 23)",95,119
warrior,"(14, 12, 24)",97,97
warrior,"(11, 13, 15)",172,175
warrior,"(16, 14, 12)",171,177
warrior,"(11, 23, 25)",100,163
warrior,"(12, 24, 26)",135,154
warrior,"(23, 25, 27)",110,178
warrior,"(24, 26, 28)",170,175
warrior,"(13, 11, 23)",95,119
warrior,"(14, 12, 24)",97,98
warrior,"(11, 13, 15)",172,176
warrior,"(16, 14, 12)",171,178
warrior,"(11, 23, 25)",100,163
warrior,"(12, 24, 26)",135,153
warrior,"(23, 25, 27)",110,178
warrior,"(24, 26, 28)",170,175
warrior,"(13, 11, 23)",95,119
warrior,"(14, 12, 24)",97,98
warrior,"(11, 13, 15)",172,173
warrior,"(16, 14, 12)",171,178
warrior,"(11, 23, 25)",100,163
warrior,"(12, 24, 26)",135,153
warrior,"(23, 25, 27)",110,177
warrior,"(24, 26, 28)",170,174
warrior,"(13, 11, 23)",95,119
warrior,"(14, 12, 24)",97,98
warrior,"(11, 13, 15)",172,175
warrior,"(16, 14, 12)",171,178
warrior,"(11, 23, 25)",100,163
warrior,"(12, 24, 26)",135,153
warrior,"(23, 25, 27)",110,176
warrior,"(24, 26, 28)",170,174
warrior,"(13, 11, 23)",95,119
warrior,"(14, 12, 24)",97,96
warrior,"(11, 13, 15)",172,176
warrior,"(16, 14, 12)",171,176
warrior,"(11, 23, 25)",100,163
warrior,"(12, 24, 26)",135,153
warrior,"(23, 25, 27)",110,176
warrior,"(24, 26, 28)",170,175
warrior,"(13, 11, 23)",95,119
warrior,"(14, 12, 24)",97,96
warrior,"(11, 13, 15)",172,176
warrior,"(16, 14, 12)",171,176
warrior,"(11, 23, 25)",100,163
warrior,"(12, 24, 26)",135,152
warrior,"(23, 25, 27)",110,177
warrior,"(24, 26, 28)",170,175
warrior,"(13, 11, 23)",95,118
warrior,"(14, 12, 24)",97,94
warrior,"(11, 13, 15)",172,179
warrior,"(16, 14, 12)",171,175
warrior,"(11, 23, 25)",100,164
warrior,"(12, 24, 26)",135,152
warrior,"(23, 25, 27)",110,176
warrior,"(24, 26, 28)",170,174
warrior,"(13, 11, 23)",95,120
warrior,"(14, 12, 24)",97,92
warrior,"(11, 13, 15)",172,179
warrior,"(16, 14, 12)",171,172
warrior,"(11, 23, 25)",100,164
warrior,"(12, 24, 26)",135,151
warrior,"(23, 25, 27)",110,175
warrior,"(24, 26, 28)",170,174
warrior,"(13, 11, 23)",95,120
warrior,"(14, 12, 24)",97,92
warrior,"(11, 13, 15)",172,179
warrior,"(16, 14, 12)",171,172
warrior,"(11, 23, 25)",100,165
warrior,"(12, 24, 26)",135,150
warrior,"(23, 25, 27)",110,174
warrior,"(24, 26, 28)",170,174
warrior,"(13, 11, 23)",95,120
warrior,"(14, 12, 24)",97,88
warrior,"(11, 13, 15)",172,179
warrior,"(16, 14, 12)",171,169
warrior,"(11, 23, 25)",100,166
warrior,"(12, 24, 26)",135,151
warrior,"(23, 25, 27)",110,175
warrior,"(24, 26, 28)",170,175
warrior,"(13, 11, 23)",95,120
warrior,"(14, 12, 24)",97,87
warrior,"(11, 13, 15)",172,179
warrior,"(16, 14, 12)",171,169
warrior,"(11, 23, 25)",100,167
warrior,"(12, 24, 26)",135,151
warrior,"(23, 25, 27)",110,177
warrior,"(24, 26, 28)",170,175
warrior,"(13, 11, 23)",95,121
warrior,"(14, 12, 24)",97,89
warrior,"(11, 13, 15)",172,179
warrior,"(16, 14, 12)",171,171
warrior,"(11, 23, 25)",100,166
warrior,"(12, 24, 26)",135,151
warrior,"(23, 25, 27)",110,177
warrior,"(24, 26, 28)",170,175
warrior,"(13, 11, 23)",95,121
warrior,"(14, 12, 24)",97,89
warrior,"(11, 13, 15)",172,179
warrior,"(16, 14, 12)",171,172
warrior,"(11, 23, 25)",100,165
warrior,"(12, 24, 26)",135,152
warrior,"(23, 25, 27)",110,178
warrior,"(24, 26, 28)",170,175
warrior,"(13, 11, 23)",95,119
warrior,"(14, 12, 24)",97,91
warrior,"(11, 13, 15)",172,178
warrior,"(16, 14, 12)",171,172
warrior,"(11, 23, 25)",100,164
warrior,"(12, 24, 26)",135,152
warrior,"(23, 25, 27)",110,177
warrior,"(24, 26, 28)",170,174
warrior,"(13, 11, 23)",95,119
warrior,"(14, 12, 24)",97,94
warrior,"(11, 13, 15)",172,177
warrior,"(16, 14, 12)",171,175
warrior,"(11, 23, 25)",100,164
warrior,"(12, 24, 26)",135,152
warrior,"(23, 25, 27)",110,178
warrior,"(24, 26, 28)",170,173
warrior,"(13, 11, 23)",95,118
warrior,"(14, 12, 24)",97,94
warrior,"(11, 13, 15)",172,178
warrior,"(16, 14, 12)",171,177
warrior,"(11, 23, 25)",100,164
warrior,"(12, 24, 26)",135,154
warrior,"(23, 25, 27)",110,178
warrior,"(24, 26, 28)",170,173
warrior,"(13, 11, 23)",95,118
warrior,"(14, 12, 24)",97,94
warrior,"(11, 13, 15)",172,178
warrior,"(16, 14, 12)",171,177
warrior,"(11, 23, 25)",100,164
warrior,"(12, 24, 26)",135,153
warrior,"(23, 25, 27)",110,179
warrior,"(24, 26, 28)",170,175
warrior,"(13, 11, 23)",95,117
warrior,"(14, 12, 24)",97,95
warrior,"(11, 13, 15)",172,179
warrior,"(16, 14, 12)",171,177
warrior,"(11, 23, 25)",100,165
warrior,"(12, 24, 26)",135,151
warrior,"(23, 25, 27)",110,179
warrior,"(24, 26, 28)",170,177
warrior,"(13, 11, 23)",95,117
warrior,"(14, 12, 24)",97,97
warrior,"(11, 13, 15)",172,179
warrior,"(16, 14, 12)",171,178
warrior,"(11, 23, 25)",100,166
warrior,"(12, 24, 26)",135,150
warrior,"(23, 25, 27)",110,177
warrior,"(24, 26, 28)",170,177
warrior,"(13, 11, 23)",95,115
warrior,"(14, 12, 24)",97,99
warrior,"(11, 13, 15)",172,179
warrior,"(16, 14, 12)",171,178
warrior,"(11, 23, 25)",100,167
warrior,"(12, 24, 26)",135,149
warrior,"(23, 25, 27)",110,175
warrior,"(24, 26, 28)",170,177
warrior,"(13, 11, 23)",95,114
warrior,"(14, 12, 24)",97,100
warrior,"(11, 13, 15)",172,178
warrior,"(16, 14, 12)",171,177
warrior,"(11, 23, 25)",100,168
warrior,"(12, 24, 26)",135,147
warrior,"(23, 25, 27)",110,174
warrior,"(24, 26, 28)",170,177
warrior,"(13, 11, 23)",95,113
warrior,"(14, 12, 24)",97,99
warrior,"(11, 13, 15)",172,178
warrior,"(16, 14, 12)",171,175
warrior,"(11, 23, 25)",100,168
warrior,"(12, 24, 26)",135,147
warrior,"(23, 25, 27)",110,175
warrior,"(24, 26, 28)",170,176
warrior,"(13, 11, 23)",95,114
warrior,"(14, 12, 24)",97,98
warrior,"(11, 13, 15)",172,179
warrior,"(16, 14, 12)",171,174
warrior,"(11, 23, 25)",100,168
warrior,"(12, 24, 26)",135,147
warrior,"(23, 25, 27)",110,174
warrior,"(24, 26, 28)",170,176
warrior,"(13, 11, 23)",95,114
warrior,"(14, 12, 24)",97,99
warrior,"(11, 13, 15)",172,179
warrior,"(16, 14, 12)",171,174
warrior,"(11, 23, 25)",100,168
warrior,"(12, 24, 26)",135,148
warrior,"(23, 25, 27)",110,175
warrior,"(24, 26, 28)",170,175
warrior,"(13, 11, 23)",95,113
warrior,"(14, 12, 24)",97,99
warrior,"(11, 13, 15)",172,179
warrior,"(16, 14, 12)",171,174
warrior,"(11, 23, 25)",100,168
warrior,"(12, 24, 26)",135,147
warrior,"(23, 25, 27)",110,175
warrior,"(24, 26, 28)",170,175
warrior,"(13, 11, 23)",95,113
warrior,"(14, 12, 24)",97,100
warrior,"(11, 13, 15)",172,179
warrior,"(16, 14, 12)",171,175
warrior,"(11, 23, 25)",100,169
warrior,"(12, 24, 26)",135,146
warrior,"(23, 25, 27)",110,175
warrior,"(24, 26, 28)",170,175
warrior,"(13, 11, 23)",95,113
warrior,"(14, 12, 24)",97,100
warrior,"(11, 13, 15)",172,178
warrior,"(16, 14, 12)",171,175
warrior,"(11, 23, 25)",100,168
warrior,"(12, 24, 26)",135,147
warrior,"(23, 25, 27)",110,176
warrior,"(24, 26, 28)",170,175
warrior,"(13, 11, 23)",95,113
warrior,"(14, 12, 24)",97,100
warrior,"(11, 13, 15)",172,178
warrior,"(16, 14, 12)",171,175
warrior,"(11, 23, 25)",100,168
warrior,"(12, 24, 26)",135,147
warrior,"(23, 25, 27)",110,176
warrior,"(24, 26, 28)",170,175
warrior,"(13, 11, 23)",95,113
warrior,"(14, 12, 24)",97,100
warrior,"(11, 13, 15)",172,177
warrior,"(16, 14, 12)",171,175
warrior,"(11, 23, 25)",100,167
warrior,"(12, 24, 26)",135,148
warrior,"(23, 25, 27)",110,177
warrior,"(24, 26, 28)",170,174
warrior,"(13, 11, 23)",95,114
warrior,"(14, 12, 24)",97,100
warrior,"(11, 13, 15)",172,178
warrior,"(16, 14, 12)",171,175
warrior,"(11, 23, 25)",100,166
warrior,"(12, 24, 26)",135,148
warrior,"(23, 25, 27)",110,177
warrior,"(24, 26, 28)",170,174
warrior,"(13, 11, 23)",95,113
warrior,"(14, 12, 24)",97,100
warrior,"(11, 13, 15)",172,178
warrior,"(16, 14, 12)",171,175
warrior,"(11, 23, 25)",100,166
warrior,"(12, 24, 26)",135,148
warrior,"(23, 25, 27)",110,178
warrior,"(24, 26, 28)",170,174
warrior,"(13, 11, 23)",95,112
warrior,"(14, 12, 24)",97,100
warrior,"(11, 13, 15)",172,179
warrior,"(16, 14, 12)",171,174
warrior,"(11, 23, 25)",100,166
warrior,"(12, 24, 26)",135,148
warrior,"(23, 25, 27)",110,178
warrior,"(24, 26, 28)",170,175
warrior,"(13, 11, 23)",95,112
warrior,"(14, 12, 24)",97,100
warrior,"(11, 13, 15)",172,179
warrior,"(16, 14, 12)",171,174
warrior,"(11, 23, 25)",100,166
warrior,"(12, 24, 26)",135,148
warrior,"(23, 25, 27)",110,178
warrior,"(24, 26, 28)",170,175
warrior,"(13, 11, 23)",95,111
warrior,"(14, 12, 24)",97,101
warrior,"(11, 13, 15)",172,179
warrior,"(16, 14, 12)",171,174
warrior,"(11, 23, 25)",100,167
warrior,"(12, 24, 26)",135,147
warrior,"(23, 25, 27)",110,177
warrior,"(24, 26, 28)",170,175
warrior,"(13, 11, 23)",95,111
warrior,"(14, 12, 24)",97,101
warrior,"(11, 13, 15)",172,179
warrior,"(16, 14, 12)",171,174
warrior,"(11, 23, 25)",100,167
warrior,"(12, 24, 26)",135,147
warrior,"(23, 25, 27)",110,177
warrior,"(24, 26, 28)",170,175
warrior,"(13, 11, 23)",95,111
warrior,"(14, 12, 24)",97,101
warrior,"(11, 13, 15)",172,179
warrior,"(16, 14, 12)",171,174
warrior,"(11, 23, 25)",100,167
warrior,"(12, 24, 26)",135,147
warrior,"(23, 25, 27)",110,177
warrior,"(24, 26, 28)",170,175
warrior,"(13, 11, 23)",95,111
warrior,"(14, 12, 24)",97,101
warrior,"(11, 13, 15)",172,179
warrior,"(16, 14, 12)",171,174
warrior,"(11, 23, 25)",100,167
warrior,"(12, 24, 26)",135,147
warrior,"(23, 25, 27)",110,177
warrior,"(24, 26, 28)",170,175
warrior,"(13, 11, 23)",95,111
warrior,"(14, 12, 24)",97,101
warrior,"(11, 13, 15)",172,179
warrior,"(16, 14, 12)",171,174
warrior,"(11, 23, 25)",100,167
warrior,"(12, 24, 26)",135,147
warrior,"(23, 25, 27)",110,177
warrior,"(24, 26, 28)",170,175
warrior,"(13, 11, 23)",95,111
warrior,"(14, 12, 24)",97,101
warrior,"(11, 13, 15)",172,178
warrior,"(16, 14, 12)",171,175
warrior,"(11, 23, 25)",100,167
warrior,"(12, 24, 26)",135,147
warrior,"(23, 25, 27)",110,178
warrior,"(24, 26, 28)",170,175
warrior,"(13, 11, 23)",95,111
warrior,"(14, 12, 24)",97,101
warrior,"(11, 13, 15)",172,178
warrior,"(16, 14, 12)",171,175
warrior,"(11, 23, 25)",100,167
warrior,"(12, 24, 26)",135,148
warrior,"(23, 25, 27)",110,178
warrior,"(24, 26, 28)",170,175
warrior,"(13, 11, 23)",95,112
warrior,"(14, 12, 24)",97,100
warrior,"(11, 13, 15)",172,177
warrior,"(16, 14, 12)",171,175
warrior,"(11, 23, 25)",100,166
warrior,"(12, 24, 26)",135,149
warrior,"(23, 25, 27)",110,178
warrior,"(24, 26, 28)",170,175
warrior,"(13, 11, 23)",95,113
warrior,"(14, 12, 24)",97,98
warrior,"(11, 13, 15)",172,176
warrior,"(16, 14, 12)",171,174
warrior,"(11, 23, 25)",100,165
warrior,"(12, 24, 26)",135,150
warrior,"(23, 25, 27)",110,177
warrior,"(24, 26, 28)",170,175
warrior,"(13, 11, 23)",95,114
warrior,"(14, 12, 24)",97,96
warrior,"(11, 13, 15)",172,177
warrior,"(16, 14, 12)",171,173
warrior,"(11, 23, 25)",100,165
warrior,"(12, 24, 26)",135,151
warrior,"(23, 25, 27)",110,177
warrior,"(24, 26, 28)",170,175
warrior,"(13, 11, 23)",95,114
warrior,"(14, 12, 24)",97,95
warrior,"(11, 13, 15)",172,177
warrior,"(16, 14, 12)",171,173
warrior,"(11, 23, 25)",100,165
warrior,"(12, 24, 26)",135,152
warrior,"(23, 25, 27)",110,177
warrior,"(24, 26, 28)",170,175
warrior,"(13, 11, 23)",95,114
warrior,"(14, 12, 24)",97,95
warrior,"(11, 13, 15)",172,177
warrior,"(16, 14, 12)",171,173
warrior,"(11, 23, 25)",100,165
warrior,"(12, 24, 26)",135,153
warrior,"(23, 25, 27)",110,177
warrior,"(24, 26, 28)",170,175
warrior,"(13, 11, 23)",95,114
warrior,"(14, 12, 24)",97,95
warrior,"(11, 13, 15)",172,177
warrior,"(16, 14, 12)",171,172
warrior,"(11, 23, 25)",100,165
warrior,"(12, 24, 26)",135,152
warrior,"(23, 25, 27)",110,177
warrior,"(24, 26, 28)",170,175
warrior,"(13, 11, 23)",95,114
warrior,"(14, 12, 24)",97,94
warrior,"(11, 13, 15)",172,178
warrior,"(16, 14, 12)",171,172
warrior,"(11, 23, 25)",100,165
warrior,"(12, 24, 26)",135,153
warrior,"(23, 25, 27)",110,178
warrior,"(24, 26, 28)",170,175
warrior,"(13, 11, 23)",95,113
warrior,"(14, 12, 24)",97,94
warrior,"(11, 13, 15)",172,178
warrior,"(16, 14, 12)",171,172
warrior,"(11, 23, 25)",100,166
warrior,"(12, 24, 26)",135,152
warrior,"(23, 25, 27)",110,177
warrior,"(24, 26, 28)",170,176
warrior,"(13, 11, 23)",95,113
warrior,"(14, 12, 24)",97,93
warrior,"(11, 13, 15)",172,178
warrior,"(16, 14, 12)",171,171
warrior,"(11, 23, 25)",100,166
warrior,"(12, 24, 26)",135,152
warrior,"(23, 25, 27)",110,178
warrior,"(24, 26, 28)",170,175
warrior,"(13, 11, 23)",95,113
warrior,"(14, 12, 24)",97,94
warrior,"(11, 13, 15)",172,179
warrior,"(16, 14, 12)",171,172
warrior,"(11, 23, 25)",100,166
warrior,"(12, 24, 26)",135,151
warrior,"(23, 25, 27)",110,178
warrior,"(24, 26, 28)",170,176
warrior,"(13, 11, 23)",95,113
warrior,"(14, 12, 24)",97,94
warrior,"(11, 13, 15)",172,179
warrior,"(16, 14, 12)",171,172
warrior,"(11, 23, 25)",100,166
warrior,"(12, 24, 26)",135,152
warrior,"(23, 25, 27)",110,179
warrior,"(24, 26, 28)",170,175
warrior,"(13, 11, 23)",95,113
warrior,"(14, 12, 24)",97,93
warrior,"(11, 13, 15)",172,179
warrior,"(16, 14, 12)",171,172
warrior,"(11, 23, 25)",100,166
warrior,"(12, 24, 26)",135,152
warrior,"(23, 25, 27)",110,179
warrior,"(24, 26, 28)",170,175
warrior,"(13, 11, 23)",95,113
warrior,"(14, 12, 24)",97,94
warrior,"(11, 13, 15)",172,179
warrior,"(16, 14, 12)",171,172
warrior,"(11, 23, 25)",100,166
warrior,"(12, 24, 26)",135,152
warrior,"(23, 25, 27)",110,179
warrior,"(24, 26, 28)",170,174
warrior,"(13, 11, 23)",95,113
warrior,"(14, 12, 24)",97,94
warrior,"(11, 13, 15)",172,179
warrior,"(16, 14, 12)",171,172
warrior,"(11, 23, 25)",100,166
warrior,"(12, 24, 26)",135,152
warrior,"(23, 25, 27)",110,179
warrior,"(24, 26, 28)",170,174
warrior,"(13, 11, 23)",95,111
warrior,"(14, 12, 24)",97,99
warrior,"(11, 13, 15)",172,178
warrior,"(16, 14, 12)",171,174
warrior,"(11, 23, 25)",100,167
warrior,"(12, 24, 26)",135,150
warrior,"(23, 25, 27)",110,178
warrior,"(24, 26, 28)",170,173
warrior,"(13, 11, 23)",95,105
warrior,"(14, 12, 24)",97,105
warrior,"(11, 13, 15)",172,178
warrior,"(16, 14, 12)",171,175
warrior,"(11, 23, 25)",100,163
warrior,"(12, 24, 26)",135,146
warrior,"(23, 25, 27)",110,167
warrior,"(24, 26, 28)",170,172
warrior,"(13, 11, 23)",95,103
warrior,"(14, 12, 24)",97,108
warrior,"(11, 13, 15)",172,177
warrior,"(16, 14, 12)",171,175
warrior,"(11, 23, 25)",100,136
warrior,"(12, 24, 26)",135,149
warrior,"(23, 25, 27)",110,125
warrior,"(24, 26, 28)",170,167
warrior,"(13, 11, 23)",95,102
warrior,"(14, 12, 24)",97,109
warrior,"(11, 13, 15)",172,176
warrior,"(16, 14, 12)",171,175
warrior,"(11, 23, 25)",100,121
warrior,"(12, 24, 26)",135,150
warrior,"(23, 25, 27)",110,109
warrior,"(24, 26, 28)",170,166
warrior,"(13, 11, 23)",95,102
warrior,"(14, 12, 24)",97,110
warrior,"(11, 13, 15)",172,177
warrior,"(16, 14, 12)",171,175
warrior,"(11, 23, 25)",100,119
warrior,"(12, 24, 26)",135,149
warrior,"(23, 25, 27)",110,123
warrior,"(24, 26, 28)",170,167
warrior,"(13, 11, 23)",95,103
warrior,"(14, 12, 24)",97,110
warrior,"(11, 13, 15)",172,177
warrior,"(16, 14, 12)",171,172
warrior,"(11, 23, 25)",100,116
warrior,"(12, 24, 26)",135,150
warrior,"(23, 25, 27)",110,118
warrior,"(24, 26, 28)",170,163
warrior,"(13, 11, 23)",95,100
warrior,"(14, 12, 24)",97,113
warrior,"(11, 13, 15)",172,179
warrior,"(16, 14, 12)",171,173
warrior,"(11, 23, 25)",100,120
warrior,"(12, 24, 26)",135,144
warrior,"(23, 25, 27)",110,110
warrior,"(24, 26, 28)",170,159
warrior,"(13, 11, 23)",95,103
warrior,"(14, 12, 24)",97,112
warrior,"(11, 13, 15)",172,179
warrior,"(16, 14, 12)",171,171
warrior,"(11, 23, 25)",100,120
warrior,"(12, 24, 26)",135,141
warrior,"(23, 25, 27)",110,107
warrior,"(24, 26, 28)",170,155
warrior,"(13, 11, 23)",95,107
warrior,"(14, 12, 24)",97,110
warrior,"(11, 13, 15)",172,177
warrior,"(16, 14, 12)",171,172
warrior,"(11, 23, 25)",100,123
warrior,"(12, 24, 26)",135,144
warrior,"(23, 25, 27)",110,117
warrior,"(24, 26, 28)",170,154
warrior,"(13, 11, 23)",95,110
warrior,"(14, 12, 24)",97,108
warrior,"(11, 13, 15)",172,177
warrior,"(16, 14, 12)",171,172
warrior,"(11, 23, 25)",100,125
warrior,"(12, 24, 26)",135,148
warrior,"(23, 25, 27)",110,120
warrior,"(24, 26, 28)",170,154
warrior,"(13, 11, 23)",95,115
warrior,"(14, 12, 24)",97,104
warrior,"(11, 13, 15)",172,176
warrior,"(16, 14, 12)",171,169
warrior,"(11, 23, 25)",100,134
warrior,"(12, 24, 26)",135,156
warrior,"(23, 25, 27)",110,156
warrior,"(24, 26, 28)",170,151
warrior,"(13, 11, 23)",95,116
warrior,"(14, 12, 24)",97,103
warrior,"(11, 13, 15)",172,173
warrior,"(16, 14, 12)",171,166
warrior,"(11, 23, 25)",100,132
warrior,"(12, 24, 26)",135,159
warrior,"(23, 25, 27)",110,159
warrior,"(24, 26, 28)",170,151
warrior_inv,"(13, 11, 23)",95,113
warrior_inv,"(14, 12, 24)",97,103
warrior_inv,"(11, 13, 15)",172,176
warrior_inv,"(16, 14, 12)",171,165
warrior_inv,"(11, 23, 25)",135,129
warrior_inv,"(12, 24, 26)",100,160
warrior_inv,"(23, 25, 27)",170,155
warrior_inv,"(24, 26, 28)",110,149
warrior_inv,"(13, 11, 23)",95,113
warrior_inv,"(14, 12, 24)",97,104
warrior_inv,"(11, 13, 15)",172,174
warrior_inv,"(16, 14, 12)",171,166
warrior_inv,"(11, 23, 25)",135,126
warrior_inv,"(12, 24, 26)",100,160
warrior_inv,"(23, 25, 27)",170,145
warrior_inv,"(24, 26, 28)",110,147
warrior_inv,"(13, 11, 23)",95,112
warrior_inv,"(14, 12, 24)",97,104
warrior_inv,"(11, 13, 15)",172,179
warrior_inv,"(16, 14, 12)",171,168
warrior_inv,"(11, 23, 25)",135,122
warrior_inv,"(12, 24, 26)",100,158
warrior_inv,"(23, 25, 27)",170,133
warrior_inv,"(24, 26, 28)",110,146
warrior_inv,"(13, 11, 23)",95,111
warrior_inv,"(14, 12, 24)",97,101
warrior_inv,"(11, 13, 15)",172,176
warrior_inv,"(16, 14, 12)",171,167
warrior_inv,"(11, 23, 25)",135,119
warrior_inv,"(12, 24, 26)",100,155
warrior_inv,"(23, 25, 27)",170,123
warrior_inv,"(24, 26, 28)",110,146
warrior_inv,"(13, 11, 23)",95,111
warrior_inv,"(14, 12, 24)",97,102
warrior_inv,"(11, 13, 15)",172,174
warrior_inv,"(16, 14, 12)",171,168
warrior_inv,"(11, 23, 25)",135,120
warrior_inv,"(12, 24, 26)",100,153
warrior_inv,"(23, 25, 27)",170,121
warrior_inv,"(24, 26, 28)",110,147
warrior_inv,"(13, 11, 23)",95,110
warrior_inv,"(14, 12, 24)",97,103
warrior_inv,"(11, 13, 15)",172,174
warrior_inv,"(16, 14, 12)",171,168
warrior_inv,"(11, 23, 25)",135,126
warrior_inv,"(12, 24, 26)",100,151
warrior_inv,"(23, 25, 27)",170,126
warrior_inv,"(24, 26, 28)",110,147
warrior_inv,"(13, 11, 23)",95,104
warrior_inv,"(14, 12, 24)",97,103
warrior_inv,"(11, 13, 15)",172,165
warrior_inv,"(16, 14, 12)",171,168
warrior_inv,"(11, 23, 25)",135,127
warrior_inv,"(12, 24, 26)",100,151
warrior_inv,"(23, 25, 27)",170,127
warrior_inv,"(24, 26, 28)",110,146
warrior_inv,"(13, 11, 23)",95,106
warrior_inv,"(14, 12, 24)",97,104
warrior_inv,"(11, 13, 15)",172,172
warrior_inv,"(16, 14, 12)",171,169
warrior_inv,"(11, 23, 25)",135,132
warrior_inv,"(12, 24, 26)",100,151
warrior_inv,"(23, 25, 27)",170,137
warrior_inv,"(24, 26, 28)",110,147
warrior_inv,"(13, 11, 23)",95,102
warrior_inv,"(14, 12, 24)",97,104
warrior_inv,"(11, 13, 15)",172,163
warrior_inv,"(16, 14, 12)",171,168
warrior_inv,"(11, 23, 25)",135,134
warrior_inv,"(12, 24, 26)",100,151
warrior_inv,"(23, 25, 27)",170,142
warrior_inv,"(24, 26, 28)",110,147
warrior_inv,"(13, 11, 23)",95,101
warrior_inv,"(14, 12, 24)",97,104
warrior_inv,"(11, 13, 15)",172,162
warrior_inv,"(16, 14, 12)",171,167
warrior_inv,"(11, 23, 25)",135,134
warrior_inv,"(12, 24, 26)",100,151
warrior_inv,"(23, 25, 27)",170,142
warrior_inv,"(24, 26, 28)",110,147
warrior_inv,"(13, 11, 23)",95,99
warrior_inv,"(14, 12, 24)",97,104
warrior_inv,"(11, 13, 15)",172,159
warrior_inv,"(16, 14, 12)",171,166
warrior_inv,"(11, 23, 25)",135,132
warrior_inv,"(12, 24, 26)",100,152
warrior_inv,"(23, 25, 27)",170,137
warrior_inv,"(24, 26, 28)",110,147
warrior_inv,"(13, 11, 23)",95,99
warrior_inv,"(14, 12, 24)",97,104
warrior_inv,"(11, 13, 15)",172,158
warrior_inv,"(16, 14, 12)",171,166
warrior_inv,"(11, 23, 25)",135,131
warrior_inv,"(12, 24, 26)",100,152
warrior_inv,"(23, 25, 27)",170,133
warrior_inv,"(24, 26, 28)",110,147
warrior_inv,"(13, 11, 23)",95,99
warrior_inv,"(14, 12, 24)",97,104
warrior_inv,"(11, 13, 15)",172,156
warrior_inv,"(16, 14, 12)",171,167
warrior_inv,"(11, 23, 25)",135,131
warrior_inv,"(12, 24, 26)",100,152
warrior_inv,"(23, 25, 27)",170,132
warrior_inv,"(24, 26, 28)",110,147
warrior_inv,"(13, 11, 23)",95,99
warrior_inv,"(14, 12, 24)",97,103
warrior_inv,"(11, 13, 15)",172,156
warrior_inv,"(16, 14, 12)",171,167
warrior_inv,"(11, 23, 25)",135,130
warrior_inv,"(12, 24, 26)",100,152
warrior_inv,"(23, 25, 27)",170,132
warrior_inv,"(24, 26, 28)",110,147
warrior_inv,"(13, 11, 23)",95,107
warrior_inv,"(14, 12, 24)",97,102
warrior_inv,"(11, 13, 15)",172,172
warrior_inv,"(16, 14, 12)",171,167
warrior_inv,"(11, 23, 25)",135,129
warrior_inv,"(12, 24, 26)",100,154
warrior_inv,"(23, 25, 27)",170,132
warrior_inv,"(24, 26, 28)",110,147
warrior_inv,"(13, 11, 23)",95,110
warrior_inv,"(14, 12, 24)",97,101
warrior_inv,"(11, 13, 15)",172,179
warrior_inv,"(16, 14, 12)",171,167
warrior_inv,"(11, 23, 25)",135,127
warrior_inv,"(12, 24, 26)",100,154
warrior_inv,"(23, 25, 27)",170,131
warrior_inv,"(24, 26, 28)",110,147
warrior_inv,"(13, 11, 23)",95,106
warrior_inv,"(14, 12, 24)",97,101
warrior_inv,"(11, 13, 15)",172,173
warrior_inv,"(16, 14, 12)",171,167
warrior_inv,"(11, 23, 25)",135,126
warrior_inv,"(12, 24, 26)",100,154
warrior_inv,"(23, 25, 27)",170,131
warrior_inv,"(24, 26, 28)",110,148
warrior_inv,"(13, 11, 23)",95,108
warrior_inv,"(14, 12, 24)",97,101
warrior_inv,"(11, 13, 15)",172,176
warrior_inv,"(16, 14, 12)",171,167
warrior_inv,"(11, 23, 25)",135,126
warrior_inv,"(12, 24, 26)",100,154
warrior_inv,"(23, 25, 27)",170,130
warrior_inv,"(24, 26, 28)",110,148
warrior_inv,"(13, 11, 23)",95,108
warrior_inv,"(14, 12, 24)",97,101
warrior_inv,"(11, 13, 15)",172,178
warrior_inv,"(16, 14, 12)",171,167
warrior_inv,"(11, 23, 25)",135,126
warrior_inv,"(12, 24, 26)",100,154
warrior_inv,"(23, 25, 27)",170,130
warrior_inv,"(24, 26, 28)",110,148
warrior_inv,"(13, 11, 23)",95,109
warrior_inv,"(14, 12, 24)",97,101
warrior_inv,"(11, 13, 15)",172,178
warrior_inv,"(16, 14, 12)",171,167
warrior_inv,"(11, 23, 25)",135,126
warrior_inv,"(12, 24, 26)",100,154
warrior_inv,"(23, 25, 27)",170,131
warrior_inv,"(24, 26, 28)",110,148
warrior_inv,"(13, 11, 23)",95,109
warrior_inv,"(14, 12, 24)",97,101
warrior_inv,"(11, 13, 15)",172,179
warrior_inv,"(16, 14, 12)",171,168
warrior_inv,"(11, 23, 25)",135,126
warrior_inv,"(12, 24, 26)",100,153
warrior_inv,"(23, 25, 27)",170,131
warrior_inv,"(24, 26, 28)",110,148
warrior_inv,"(13, 11, 23)",95,109
warrior_inv,"(14, 12, 24)",97,102
warrior_inv,"(11, 13, 15)",172,178
warrior_inv,"(16, 14, 12)",171,169
warrior_inv,"(11, 23, 25)",135,127
warrior_inv,"(12, 24, 26)",100,152
warrior_inv,"(23, 25, 27)",170,131
warrior_inv,"(24, 26, 28)",110,149
warrior_inv,"(13, 11, 23)",95,100
warrior_inv,"(14, 12, 24)",97,102
warrior_inv,"(11, 13, 15)",172,166
warrior_inv,"(16, 14, 12)",171,169
warrior_inv,"(11, 23, 25)",135,127
warrior_inv,"(12, 24, 26)",100,151
warrior_inv,"(23, 25, 27)",170,131
warrior_inv,"(24, 26, 28)",110,149
warrior_inv,"(13, 11, 23)",95,101
warrior_inv,"(14, 12, 24)",97,102
warrior_inv,"(11, 13, 15)",172,168
warrior_inv,"(16, 14, 12)",171,169
warrior_inv,"(11, 23, 25)",135,128
warrior_inv,"(12, 24, 26)",100,151
warrior_inv,"(23, 25, 27)",170,132
warrior_inv,"(24, 26, 28)",110,149
warrior_inv,"(13, 11, 23)",95,101
warrior_inv,"(14, 12, 24)",97,102
warrior_inv,"(11, 13, 15)",172,170
warrior_inv,"(16, 14, 12)",171,169
warrior_inv,"(11, 23, 25)",135,129
warrior_inv,"(12, 24, 26)",100,150
warrior_inv,"(23, 25, 27)",170,132
warrior_inv,"(24, 26, 28)",110,149
warrior_inv,"(13, 11, 23)",95,102
warrior_inv,"(14, 12, 24)",97,102
warrior_inv,"(11, 13, 15)",172,171
warrior_inv,"(16, 14, 12)",171,169
warrior_inv,"(11, 23, 25)",135,129
warrior_inv,"(12, 24, 26)",100,150
warrior_inv,"(23, 25, 27)",170,131
warrior_inv,"(24, 26, 28)",110,149
warrior_inv,"(13, 11, 23)",95,102
warrior_inv,"(14, 12, 24)",97,102
warrior_inv,"(11, 13, 15)",172,172
warrior_inv,"(16, 14, 12)",171,169
warrior_inv,"(11, 23, 25)",135,129
warrior_inv,"(12, 24, 26)",100,149
warrior_inv,"(23, 25, 27)",170,131
warrior_inv,"(24, 26, 28)",110,149
warrior_inv,"(13, 11, 23)",95,102
warrior_inv,"(14, 12, 24)",97,102
warrior_inv,"(11, 13, 15)",172,173
warrior_inv,"(16, 14, 12)",171,169
warrior_inv,"(11, 23, 25)",135,129
warrior_inv,"(12, 24, 26)",100,149
warrior_inv,"(23, 25, 27)",170,130
warrior_inv,"(24, 26, 28)",110,149
warrior_inv,"(13, 11, 23)",95,103
warrior_inv,"(14, 12, 24)",97,102
warrior_inv,"(11, 13, 15)",172,175
warrior_inv,"(16, 14, 12)",171,170
warrior_inv,"(11, 23, 25)",135,129
warrior_inv,"(12, 24, 26)",100,150
warrior_inv,"(23, 25, 27)",170,130
warrior_inv,"(24, 26, 28)",110,149
warrior_inv,"(13, 11, 23)",95,103
warrior_inv,"(14, 12, 24)",97,102
warrior_inv,"(11, 13, 15)",172,176
warrior_inv,"(16, 14, 12)",171,171
warrior_inv,"(11, 23, 25)",135,130
warrior_inv,"(12, 24, 26)",100,150
warrior_inv,"(23, 25, 27)",170,130
warrior_inv,"(24, 26, 28)",110,149
warrior_inv,"(13, 11, 23)",95,103
warrior_inv,"(14, 12, 24)",97,102
warrior_inv,"(11, 13, 15)",172,178
warrior_inv,"(16, 14, 12)",171,171
warrior_inv,"(11, 23, 25)",135,130
warrior_inv,"(12, 24, 26)",100,151
warrior_inv,"(23, 25, 27)",170,130
warrior_inv,"(24, 26, 28)",110,148
warrior_inv,"(13, 11, 23)",95,103
warrior_inv,"(14, 12, 24)",97,102
warrior_inv,"(11, 13, 15)",172,178
warrior_inv,"(16, 14, 12)",171,171
warrior_inv,"(11, 23, 25)",135,130
warrior_inv,"(12, 24, 26)",100,150
warrior_inv,"(23, 25, 27)",170,131
warrior_inv,"(24, 26, 28)",110,148
warrior_inv,"(13, 11, 23)",95,102
warrior_inv,"(14, 12, 24)",97,102
warrior_inv,"(11, 13, 15)",172,178
warrior_inv,"(16, 14, 12)",171,171
warrior_inv,"(11, 23, 25)",135,130
warrior_inv,"(12, 24, 26)",100,150
warrior_inv,"(23, 25, 27)",170,131
warrior_inv,"(24, 26, 28)",110,149
warrior,"(13, 11, 23)",95,102
warrior,"(14, 12, 24)",97,102
warrior,"(11, 13, 15)",172,178
warrior,"(16, 14, 12)",171,171
warrior,"(11, 23, 25)",100,131
warrior,"(12, 24, 26)",135,150
warrior,"(23, 25, 27)",110,135
warrior,"(24, 26, 28)",170,150
warrior,"(13, 11, 23)",95,102
warrior,"(14, 12, 24)",97,100
warrior,"(11, 13, 15)",172,178
warrior,"(16, 14, 12)",171,170
warrior,"(11, 23, 25)",100,133
warrior,"(12, 24, 26)",135,151
warrior,"(23, 25, 27)",110,142
warrior,"(24, 26, 28)",170,150
warrior,"(13, 11, 23)",95,103
warrior,"(14, 12, 24)",97,98
warrior,"(11, 13, 15)",172,178
warrior,"(16, 14, 12)",171,169
warrior,"(11, 23, 25)",100,135
warrior,"(12, 24, 26)",135,152
warrior,"(23, 25, 27)",110,150
warrior,"(24, 26, 28)",170,150
warrior_inv,"(13, 11, 23)",95,104
warrior_inv,"(14, 12, 24)",97,96
warrior_inv,"(11, 13, 15)",172,179
warrior_inv,"(16, 14, 12)",171,167
warrior_inv,"(11, 23, 25)",135,135
warrior_inv,"(12, 24, 26)",100,156
warrior_inv,"(23, 25, 27)",170,156
warrior_inv,"(24, 26, 28)",110,148
warrior_inv,"(13, 11, 23)",95,105
warrior_inv,"(14, 12, 24)",97,94
warrior_inv,"(11, 13, 15)",172,179
warrior_inv,"(16, 14, 12)",171,166
warrior_inv,"(11, 23, 25)",135,134
warrior_inv,"(12, 24, 26)",100,159
warrior_inv,"(23, 25, 27)",170,159
warrior_inv,"(24, 26, 28)",110,148
warrior_inv,"(13, 11, 23)",95,106
warrior_inv,"(14, 12, 24)",97,92
warrior_inv,"(11, 13, 15)",172,179
warrior_inv,"(16, 14, 12)",171,166
warrior_inv,"(11, 23, 25)",135,135
warrior_inv,"(12, 24, 26)",100,161
warrior_inv,"(23, 25, 27)",170,164
warrior_inv,"(24, 26, 28)",110,149
warrior,"(13, 11, 23)",95,107
warrior,"(14, 12, 24)",97,92
warrior,"(11, 13, 15)",172,179
warrior,"(16, 14, 12)",171,165
warrior,"(11, 23, 25)",100,135
warrior,"(12, 24, 26)",135,160
warrior,"(23, 25, 27)",110,167
warrior,"(24, 26, 28)",170,153
warrior,"(13, 11, 23)",95,108
warrior,"(14, 12, 24)",97,92
warrior,"(11, 13, 15)",172,178
warrior,"(16, 14, 12)",171,166
warrior,"(11, 23, 25)",100,135
warrior,"(12, 24, 26)",135,160
warrior,"(23, 25, 27)",110,170
warrior,"(24, 26, 28)",170,155
warrior,"(13, 11, 23)",95,108
warrior,"(14, 12, 24)",97,94
warrior,"(11, 13, 15)",172,178
warrior,"(16, 14, 12)",171,168
warrior,"(11, 23, 25)",100,136
warrior,"(12, 24, 26)",135,160
warrior,"(23, 25, 27)",110,173
warrior,"(24, 26, 28)",170,156
warrior,"(13, 11, 23)",95,108
warrior,"(14, 12, 24)",97,95
warrior,"(11, 13, 15)",172,179
warrior,"(16, 14, 12)",171,169
warrior,"(11, 23, 25)",100,137
warrior,"(12, 24, 26)",135,157
warrior,"(23, 25, 27)",110,175
warrior,"(24, 26, 28)",170,161
warrior,"(13, 11, 23)",95,107
warrior,"(14, 12, 24)",97,96
warrior,"(11, 13, 15)",172,179
warrior,"(16, 14, 12)",171,168
warrior,"(11, 23, 25)",100,139
warrior,"(12, 24, 26)",135,155
warrior,"(23, 25, 27)",110,178
warrior,"(24, 26, 28)",170,169
warrior,"(13, 11, 23)",95,106
warrior,"(14, 12, 24)",97,100
warrior,"(11, 13, 15)",172,179
warrior,"(16, 14, 12)",171,173
warrior,"(11, 23, 25)",100,141
warrior,"(12, 24, 26)",135,154
warrior,"(23, 25, 27)",110,177
warrior,"(24, 26, 28)",170,172
warrior,"(13, 11, 23)",95,105
warrior,"(14, 12, 24)",97,104
warrior,"(11, 13, 15)",172,179
warrior,"(16, 14, 12)",171,176
warrior,"(11, 23, 25)",100,141
warrior,"(12, 24, 26)",135,152
warrior,"(23, 25, 27)",110,178
warrior,"(24, 26, 28)",170,172
warrior,"(13, 11, 23)",95,98
warrior,"(14, 12, 24)",97,106
warrior,"(11, 13, 15)",172,178
warrior,"(16, 14, 12)",171,177
warrior,"(11, 23, 25)",100,144
warrior,"(12, 24, 26)",135,152
warrior,"(23, 25, 27)",110,177
warrior,"(24, 26, 28)",170,171
warrior,"(13, 11, 23)",95,91
warrior,"(14, 12, 24)",97,108
warrior,"(11, 13, 15)",172,177
warrior,"(16, 14, 12)",171,178
warrior,"(11, 23, 25)",100,145
warrior,"(12, 24, 26)",135,150
warrior,"(23, 25, 27)",110,176
warrior,"(24, 26, 28)",170,171
warrior,"(13, 11, 23)",95,88
warrior,"(14, 12, 24)",97,110
warrior,"(11, 13, 15)",172,177
warrior,"(16, 14, 12)",171,178
warrior,"(11, 23, 25)",100,146
warrior,"(12, 24, 26)",135,149
warrior,"(23, 25, 27)",110,176
warrior,"(24, 26, 28)",170,170
warrior,"(13, 11, 23)",95,88
warrior,"(14, 12, 24)",97,111
warrior,"(11, 13, 15)",172,177
warrior,"(16, 14, 12)",171,178
warrior,"(11, 23, 25)",100,147
warrior,"(12, 24, 26)",135,149
warrior,"(23, 25, 27)",110,173
warrior,"(24, 26, 28)",170,169
warrior,"(13, 11, 23)",95,90
warrior,"(14, 12, 24)",97,110
warrior,"(11, 13, 15)",172,177
warrior,"(16, 14, 12)",171,178
warrior,"(11, 23, 25)",100,146
warrior,"(12, 24, 26)",135,149
warrior,"(23, 25, 27)",110,172
warrior,"(24, 26, 28)",170,171
warrior,"(13, 11, 23)",95,92
warrior,"(14, 12, 24)",97,109
warrior,"(11, 13, 15)",172,176
warrior,"(16, 14, 12)",171,177
warrior,"(11, 23, 25)",100,145
warrior,"(12, 24, 26)",135,148
warrior,"(23, 25, 27)",110,173
warrior,"(24, 26, 28)",170,175
warrior,"(13, 11, 23)",95,93
warrior,"(14, 12, 24)",97,108
warrior,"(11, 13, 15)",172,178
warrior,"(16, 14, 12)",171,177
warrior,"(11, 23, 25)",100,146
warrior,"(12, 24, 26)",135,148
warrior,"(23, 25, 27)",110,173
warrior,"(24, 26, 28)",170,176
warrior,"(13, 11, 23)",95,93
warrior,"(14, 12, 24)",97,108
warrior,"(11, 13, 15)",172,177
warrior,"(16, 14, 12)",171,177
warrior,"(11, 23, 25)",100,147
warrior,"(12, 24, 26)",135,148
warrior,"(23, 25, 27)",110,172
warrior,"(24, 26, 28)",170,177
warrior,"(13, 11, 23)",95,94
warrior,"(14, 12, 24)",97,108
warrior,"(11, 13, 15)",172,176
warrior,"(16, 14, 12)",171,177
warrior,"(11, 23, 25)",100,148
warrior,"(12, 24, 26)",135,148
warrior,"(23, 25, 27)",110,172
warrior,"(24, 26, 28)",170,177
warrior,"(13, 11, 23)",95,97
warrior,"(14, 12, 24)",97,107
warrior,"(11, 13, 15)",172,177
warrior,"(16, 14, 12)",171,176
warrior,"(11, 23, 25)",100,147
warrior,"(12, 24, 26)",135,147
warrior,"(23, 25, 27)",110,171
warrior,"(24, 26, 28)",170,177
warrior,"(13, 11, 23)",95,97
warrior,"(14, 12, 24)",97,106
warrior,"(11, 13, 15)",172,177
warrior,"(16, 14, 12)",171,176
warrior,"(11, 23, 25)",100,146
warrior,"(12, 24, 26)",135,147
warrior,"(23, 25, 27)",110,171
warrior,"(24, 26, 28)",170,177
warrior,"(13, 11, 23)",95,97
warrior,"(14, 12, 24)",97,106
warrior,"(11, 13, 15)",172,177
warrior,"(16, 14, 12)",171,176
warrior,"(11, 23, 25)",100,145
warrior,"(12, 24, 26)",135,146
warrior,"(23, 25, 27)",110,173
warrior,"(24, 26, 28)",170,178
warrior,"(13, 11, 23)",95,97
warrior,"(14, 12, 24)",97,104
warrior,"(11, 13, 15)",172,177
warrior,"(16, 14, 12)",171,174
warrior,"(11, 23, 25)",100,145
warrior,"(12, 24, 26)",135,146
warrior,"(23, 25, 27)",110,175
warrior,"(24, 26, 28)",170,177
warrior,"(13, 11, 23)",95,97
warrior,"(14, 12, 24)",97,104
warrior,"(11, 13, 15)",172,177
warrior,"(16, 14, 12)",171,173
warrior,"(11, 23, 25)",100,144
warrior,"(12, 24, 26)",135,146
warrior,"(23, 25, 27)",110,175
warrior,"(24, 26, 28)",170,178
warrior,"(13, 11, 23)",95,98
warrior,"(14, 12, 24)",97,102
warrior,"(11, 13, 15)",172,176
warrior,"(16, 14, 12)",171,172
warrior,"(11, 23, 25)",100,144
warrior,"(12, 24, 26)",135,146
warrior,"(23, 25, 27)",110,176
warrior,"(24, 26, 28)",170,179
warrior,"(13, 11, 23)",95,99
warrior,"(14, 12, 24)",97,100
warrior,"(11, 13, 15)",172,176
warrior,"(16, 14, 12)",171,171
warrior,"(11, 23, 25)",100,142
warrior,"(12, 24, 26)",135,145
warrior,"(23, 25, 27)",110,176
warrior,"(24, 26, 28)",170,179
warrior,"(13, 11, 23)",95,99
warrior,"(14, 12, 24)",97,99
warrior,"(11, 13, 15)",172,176
warrior,"(16, 14, 12)",171,170
warrior,"(11, 23, 25)",100,139
warrior,"(12, 24, 26)",135,145
warrior,"(23, 25, 27)",110,178
warrior,"(24, 26, 28)",170,179
warrior,"(13, 11, 23)",95,99
warrior,"(14, 12, 24)",97,98
warrior,"(11, 13, 15)",172,178
warrior,"(16, 14, 12)",171,171
warrior,"(11, 23, 25)",100,136
warrior,"(12, 24, 26)",135,145
warrior,"(23, 25, 27)",110,175
warrior,"(24, 26, 28)",170,178
warrior,"(13, 11, 23)",95,96
warrior,"(14, 12, 24)",97,98
warrior,"(11, 13, 15)",172,176
warrior,"(16, 14, 12)",171,170
warrior,"(11, 23, 25)",100,135
warrior,"(12, 24, 26)",135,145
warrior,"(23, 25, 27)",110,175
warrior,"(24, 26, 28)",170,176
warrior,"(13, 11, 23)",95,95
warrior,"(14, 12, 24)",97,98
warrior,"(11, 13, 15)",172,179
warrior,"(16, 14, 12)",171,170
warrior,"(11, 23, 25)",100,134
warrior,"(12, 24, 26)",135,144
warrior,"(23, 25, 27)",110,175
warrior,"(24, 26, 28)",170,174
warrior,"(13, 11, 23)",95,94
warrior,"(14, 12, 24)",97,98
warrior,"(11, 13, 15)",172,176
warrior,"(16, 14, 12)",171,171
warrior,"(11, 23, 25)",100,133
warrior,"(12, 24, 26)",135,144
warrior,"(23, 25, 27)",110,177
warrior,"(24, 26, 28)",170,173
warrior,"(13, 11, 23)",95,93
warrior,"(14, 12, 24)",97,98
warrior,"(11, 13, 15)",172,175
warrior,"(16, 14, 12)",171,171
warrior,"(11, 23, 25)",100,132
warrior,"(12, 24, 26)",135,143
warrior,"(23, 25, 27)",110,176
warrior,"(24, 26, 28)",170,172
warrior,"(13, 11, 23)",95,91
warrior,"(14, 12, 24)",97,99
warrior,"(11, 13, 15)",172,177
warrior,"(16, 14, 12)",171,172
warrior,"(11, 23, 25)",100,131
warrior,"(12, 24, 26)",135,143
warrior,"(23, 25, 27)",110,175
warrior,"(24, 26, 28)",170,172
warrior,"(13, 11, 23)",95,90
warrior,"(14, 12, 24)",97,99
warrior,"(11, 13, 15)",172,178
warrior,"(16, 14, 12)",171,172
warrior,"(11, 23, 25)",100,130
warrior,"(12, 24, 26)",135,144
warrior,"(23, 25, 27)",110,174
warrior,"(24, 26, 28)",170,172
warrior,"(13, 11, 23)",95,89
warrior,"(14, 12, 24)",97,99
warrior,"(11, 13, 15)",172,178
warrior,"(16, 14, 12)",171,171
warrior,"(11, 23, 25)",100,130
warrior,"(12, 24, 26)",135,144
warrior,"(23, 25, 27)",110,173
warrior,"(24, 26, 28)",170,173
warrior,"(13, 11, 23)",95,88
warrior,"(14, 12, 24)",97,100
warrior,"(11, 13, 15)",172,178
warrior,"(16, 14, 12)",171,172
warrior,"(11, 23, 25)",100,130
warrior,"(12, 24, 26)",135,144
warrior,"(23, 25, 27)",110,173
warrior,"(24, 26, 28)",170,174
warrior,"(13, 11, 23)",95,87
warrior,"(14, 12, 24)",97,100
warrior,"(11, 13, 15)",172,178
warrior,"(16, 14, 12)",171,172
warrior,"(11, 23, 25)",100,130
warrior,"(12, 24, 26)",135,143
warrior,"(23, 25, 27)",110,173
warrior,"(24, 26, 28)",170,171
warrior,"(13, 11, 23)",95,86
warrior,"(14, 12, 24)",97,101
warrior,"(11, 13, 15)",172,178
warrior,"(16, 14, 12)",171,173
warrior,"(11, 23, 25)",100,131
warrior,"(12, 24, 26)",135,138
warrior,"(23, 25, 27)",110,172
warrior,"(24, 26, 28)",170,160
warrior,"(13, 11, 23)",95,86
warrior,"(14, 12, 24)",97,100
warrior,"(11, 13, 15)",172,178
warrior,"(16, 14, 12)",171,173
warrior,"(11, 23, 25)",100,131
warrior,"(12, 24, 26)",135,135
warrior,"(23, 25, 27)",110,172
warrior,"(24, 26, 28)",170,155
warrior,"(13, 11, 23)",95,87
warrior,"(14, 12, 24)",97,100
warrior,"(11, 13, 15)",172,178
warrior,"(16, 14, 12)",171,174
warrior,"(11, 23, 25)",100,131
warrior,"(12, 24, 26)",135,132
warrior,"(23, 25, 27)",110,173
warrior,"(24, 26, 28)",170,151
warrior_inv,"(13, 11, 23)",95,87
warrior_inv,"(14, 12, 24)",97,100
warrior_inv,"(11, 13, 15)",172,179
warrior_inv,"(16, 14, 12)",171,174
warrior_inv,"(11, 23, 25)",135,131
warrior_inv,"(12, 24, 26)",100,130
warrior_inv,"(23, 25, 27)",170,173
warrior_inv,"(24, 26, 28)",110,148
warrior_inv,"(13, 11, 23)",95,87
warrior_inv,"(14, 12, 24)",97,99
warrior_inv,"(11, 13, 15)",172,179
warrior_inv,"(16, 14, 12)",171,174
warrior_inv,"(11, 23, 25)",135,131
warrior_inv,"(12, 24, 26)",100,129
warrior_inv,"(23, 25, 27)",170,173
warrior_inv,"(24, 26, 28)",110,145
warrior_inv,"(13, 11, 23)",95,87
warrior_inv,"(14, 12, 24)",97,99
warrior_inv,"(11, 13, 15)",172,178
warrior_inv,"(16, 14, 12)",171,174
warrior_inv,"(11, 23, 25)",135,131
warrior_inv,"(12, 24, 26)",100,127
warrior_inv,"(23, 25, 27)",170,173
warrior_inv,"(24, 26, 28)",110,141
warrior_inv,"(13, 11, 23)",95,86
warrior_inv,"(14, 12, 24)",97,99
warrior_inv,"(11, 13, 15)",172,177
warrior_inv,"(16, 14, 12)",171,174
warrior_inv,"(11, 23, 25)",135,131
warrior_inv,"(12, 24, 26)",100,125
warrior_inv,"(23, 25, 27)",170,173
warrior_inv,"(24, 26, 28)",110,139
warrior_inv,"(13, 11, 23)",95,86
warrior_inv,"(14, 12, 24)",97,98
warrior_inv,"(11, 13, 15)",172,177
warrior_inv,"(16, 14, 12)",171,174
warrior_inv,"(11, 23, 25)",135,131
warrior_inv,"(12, 24, 26)",100,125
warrior_inv,"(23, 25, 27)",170,173
warrior_inv,"(24, 26, 28)",110,139
warrior_inv,"(13, 11, 23)",95,86
warrior_inv,"(14, 12, 24)",97,98
warrior_inv,"(11, 13, 15)",172,177
warrior_inv,"(16, 14, 12)",171,174
warrior_inv,"(11, 23, 25)",135,131
warrior_inv,"(12, 24, 26)",100,124
warrior_inv,"(23, 25, 27)",170,174
warrior_inv,"(24, 26, 28)",110,138
warrior_inv,"(13, 11, 23)",95,86
warrior_inv,"(14, 12, 24)",97,97
warrior_inv,"(11, 13, 15)",172,176
warrior_inv,"(16, 14, 12)",171,173
warrior_inv,"(11, 23, 25)",135,130
warrior_inv,"(12, 24, 26)",100,123
warrior_inv,"(23, 25, 27)",170,174
warrior_inv,"(24, 26, 28)",110,136
warrior_inv,"(13, 11, 23)",95,86
warrior_inv,"(14, 12, 24)",97,96
warrior_inv,"(11, 13, 15)",172,176
warrior_inv,"(16, 14, 12)",171,173
warrior_inv,"(11, 23, 25)",135,130
warrior_inv,"(12, 24, 26)",100,124
warrior_inv,"(23, 25, 27)",170,175
warrior_inv,"(24, 26, 28)",110,136
warrior_inv,"(13, 11, 23)",95,87
warrior_inv,"(14, 12, 24)",97,96
warrior_inv,"(11, 13, 15)",172,175
warrior_inv,"(16, 14, 12)",171,173
warrior_inv,"(11, 23, 25)",135,129
warrior_inv,"(12, 24, 26)",100,124
warrior_inv,"(23, 25, 27)",170,175
warrior_inv,"(24, 26, 28)",110,136
warrior_inv,"(13, 11, 23)",95,88
warrior_inv,"(14, 12, 24)",97,98
warrior_inv,"(11, 13, 15)",172,176
warrior_inv,"(16, 14, 12)",171,175
warrior_inv,"(11, 23, 25)",135,129
warrior_inv,"(12, 24, 26)",100,123
warrior_inv,"(23, 25, 27)",170,175
warrior_inv,"(24, 26, 28)",110,136
warrior_inv,"(13, 11, 23)",95,90
warrior_inv,"(14, 12, 24)",97,99
warrior_inv,"(11, 13, 15)",172,176
warrior_inv,"(16, 14, 12)",171,173
warrior_inv,"(11, 23, 25)",135,128
warrior_inv,"(12, 24, 26)",100,124
warrior_inv,"(23, 25, 27)",170,175
warrior_inv,"(24, 26, 28)",110,136
warrior_inv,"(13, 11, 23)",95,92
warrior_inv,"(14, 12, 24)",97,100
warrior_inv,"(11, 13, 15)",172,176
warrior_inv,"(16, 14, 12)",171,170
warrior_inv,"(11, 23, 25)",135,127
warrior_inv,"(12, 24, 26)",100,124
warrior_inv,"(23, 25, 27)",170,175
warrior_inv,"(24, 26, 28)",110,136
warrior_inv,"(13, 11, 23)",95,94
warrior_inv,"(14, 12, 24)",97,101
warrior_inv,"(11, 13, 15)",172,171
warrior_inv,"(16, 14, 12)",171,166
warrior_inv,"(11, 23, 25)",135,129
warrior_inv,"(12, 24, 26)",100,124
warrior_inv,"(23, 25, 27)",170,174
warrior_inv,"(24, 26, 28)",110,135
warrior_inv,"(13, 11, 23)",95,96
warrior_inv,"(14, 12, 24)",97,104
warrior_inv,"(11, 13, 15)",172,163
warrior_inv,"(16, 14, 12)",171,160
warrior_inv,"(11, 23, 25)",135,131
warrior_inv,"(12, 24, 26)",100,123
warrior_inv,"(23, 25, 27)",170,173
warrior_inv,"(24, 26, 28)",110,137
warrior_inv,"(13, 11, 23)",95,99
warrior_inv,"(14, 12, 24)",97,104
warrior_inv,"(11, 13, 15)",172,158
warrior_inv,"(16, 14, 12)",171,150
warrior_inv,"(11, 23, 25)",135,133
warrior_inv,"(12, 24, 26)",100,127
warrior_inv,"(23, 25, 27)",170,172
warrior_inv,"(24, 26, 28)",110,146
warrior,"(13, 11, 23)",95,104
warrior,"(14, 12, 24)",97,106
warrior,"(11, 13, 15)",172,158
warrior,"(16, 14, 12)",171,140
warrior,"(11, 23, 25)",100,136
warrior,"(12, 24, 26)",135,129
warrior,"(23, 25, 27)",110,173
warrior,"(24, 26, 28)",170,156
warrior,"(13, 11, 23)",95,106
warrior,"(14, 12, 24)",97,109
warrior,"(11, 13, 15)",172,152
warrior,"(16, 14, 12)",171,132
warrior,"(11, 23, 25)",100,139
warrior,"(12, 24, 26)",135,132
warrior,"(23, 25, 27)",110,175
warrior,"(24, 26, 28)",170,166
warrior,"(13, 11, 23)",95,105
warrior,"(14, 12, 24)",97,111
warrior,"(11, 13, 15)",172,137
warrior,"(16, 14, 12)",171,122
warrior,"(11, 23, 25)",100,142
warrior,"(12, 24, 26)",135,134
warrior,"(23, 25, 27)",110,177
warrior,"(24, 26, 28)",170,177
warrior,"(13, 11, 23)",95,105
warrior,"(14, 12, 24)",97,111
warrior,"(11, 13, 15)",172,104
warrior,"(16, 14, 12)",171,113
warrior,"(11, 23, 25)",100,145
warrior,"(12, 24, 26)",135,137
warrior,"(23, 25, 27)",110,175
warrior,"(24, 26, 28)",170,176
warrior,"(13, 11, 23)",95,106
warrior,"(14, 12, 24)",97,113
warrior,"(11, 13, 15)",172,88
warrior,"(16, 14, 12)",171,110
warrior,"(11, 23, 25)",100,149
warrior,"(12, 24, 26)",135,142
warrior,"(23, 25, 27)",110,177
warrior,"(24, 26, 28)",170,170
warrior,"(13, 11, 23)",95,108
warrior,"(14, 12, 24)",97,114
warrior,"(11, 13, 15)",172,91
warrior,"(16, 14, 12)",171,111
warrior,"(11, 23, 25)",100,151
warrior,"(12, 24, 26)",135,142
warrior,"(23, 25, 27)",110,179
warrior,"(24, 26, 28)",170,172
warrior,"(13, 11, 23)",95,109
warrior,"(14, 12, 24)",97,114
warrior,"(11, 13, 15)",172,90
warrior,"(16, 14, 12)",171,111
warrior,"(11, 23, 25)",100,148
warrior,"(12, 24, 26)",135,144
warrior,"(23, 25, 27)",110,178
warrior,"(24, 26, 28)",170,174
warrior,"(13, 11, 23)",95,112
warrior,"(14, 12, 24)",97,114
warrior,"(11, 13, 15)",172,86
warrior,"(16, 14, 12)",171,109
warrior,"(11, 23, 25)",100,146
warrior,"(12, 24, 26)",135,145
warrior,"(23, 25, 27)",110,177
warrior,"(24, 26, 28)",170,175
warrior,"(13, 11, 23)",95,114
warrior,"(14, 12, 24)",97,114
warrior,"(11, 13, 15)",172,85
warrior,"(16, 14, 12)",171,111
warrior,"(11, 23, 25)",100,145
warrior,"(12, 24, 26)",135,146
warrior,"(23, 25, 27)",110,176
warrior,"(24, 26, 28)",170,176
goddess,"(11, 23, 25)",108,113
goddess,"(12, 24, 26)",108,142
goddess,"(23, 25, 27)",114,153
goddess,"(24, 26, 28)",114,153
goddess,"(11, 23, 25)",108,106
goddess,"(12, 24, 26)",108,137
goddess,"(23, 25, 27)",114,143
goddess,"(24, 26, 28)",114,142
goddess,"(11, 23, 25)",108,98
goddess,"(12, 24, 26)",108,133
goddess,"(23, 25, 27)",114,125
goddess,"(24, 26, 28)",114,128
goddess,"(11, 23, 25)",108,95
goddess,"(12, 24, 26)",108,128
goddess,"(23, 25, 27)",114,115
goddess,"(24, 26, 28)",114,119
goddess,"(11, 23, 25)",108,94
goddess,"(12, 24, 26)",108,119
goddess,"(23, 25, 27)",114,110
goddess,"(24, 26, 28)",114,107
goddess,"(11, 23, 25)",108,93
goddess,"(12, 24, 26)",108,115
goddess,"(23, 25, 27)",114,105
goddess,"(24, 26, 28)",114,104
goddess,"(11, 23, 25)",108,93
goddess,"(12, 24, 26)",108,115
goddess,"(23, 25, 27)",114,99
goddess,"(24, 26, 28)",114,103
goddess,"(11, 23, 25)",108,94
goddess,"(12, 24, 26)",108,115
goddess,"(23, 25, 27)",114,97
goddess,"(24, 26, 28)",114,103
goddess,"(11, 23, 25)",108,95
goddess,"(12, 24, 26)",108,112
goddess,"(23, 25, 27)",114,95
goddess,"(24, 26, 28)",114,102
goddess,"(11, 23, 25)",108,96
goddess,"(12, 24, 26)",108,109
goddess,"(23, 25, 27)",114,95
goddess,"(24, 26, 28)",114,97
goddess,"(11, 23, 25)",108,99
goddess,"(12, 24, 26)",108,106
goddess,"(23, 25, 27)",114,96
goddess,"(24, 26, 28)",114,94
goddess,"(11, 23, 25)",108,100
goddess,"(12, 24, 26)",108,104
goddess,"(23, 25, 27)",114,97
goddess,"(24, 26, 28)",114,95
goddess,"(11, 23, 25)",108,102
goddess,"(12, 24, 26)",108,103
goddess,"(23, 25, 27)",114,99
goddess,"(24, 26, 28)",114,97
goddess,"(11, 23, 25)",108,105
goddess,"(12, 24, 26)",108,101
goddess,"(23, 25, 27)",114,100
goddess,"(24, 26, 28)",114,98
goddess,"(11, 23, 25)",108,107
goddess,"(12, 24, 26)",108,100
goddess,"(23, 25, 27)",114,101
goddess,"(24, 26, 28)",114,99
goddess,"(11, 23, 25)",108,108
goddess,"(12, 24, 26)",108,98
goddess,"(23, 25, 27)",114,101
goddess,"(24, 26, 28)",114,99
goddess,"(11, 23, 25)",108,108
goddess,"(12, 24, 26)",108,98
goddess,"(23, 25, 27)",114,99
goddess,"(24, 26, 28)",114,99
goddess,"(11, 23, 25)",108,108
goddess,"(12, 24, 26)",108,97
goddess,"(23, 25, 27)",114,94
goddess,"(24, 26, 28)",114,102
goddess,"(11, 23, 25)",108,108
goddess,"(12, 24, 26)",108,97
goddess,"(23, 25, 27)",114,92
goddess,"(24, 26, 28)",114,104
goddess,"(11, 23, 25)",108,108
goddess,"(12, 24, 26)",108,98
goddess,"(23, 25, 27)",114,92
goddess,"(24, 26, 28)",114,106
goddess,"(11, 23, 25)",108,107
goddess,"(12, 24, 26)",108,99
goddess,"(23, 25, 27)",114,93
goddess,"(24, 26, 28)",114,107
goddess,"(11, 23, 25)",108,107
goddess,"(12, 24, 26)",108,101
goddess,"(23, 25, 27)",114,94
goddess,"(24, 26, 28)",114,107
goddess,"(11, 23, 25)",108,106
goddess,"(12, 24, 26)",108,103
goddess,"(23, 25, 27)",114,94
goddess,"(24, 26, 28)",114,108
goddess,"(11, 23, 25)",108,105
goddess,"(12, 24, 26)",108,105
goddess,"(23, 25, 27)",114,95
goddess,"(24, 26, 28)",114,108
goddess,"(11, 23, 25)",108,104
goddess,"(12, 24, 26)",108,106
goddess,"(23, 25, 27)",114,95
goddess,"(24, 26, 28)",114,109
goddess,"(11, 23, 25)",108,104
goddess,"(12, 24, 26)",108,106
goddess,"(23, 25, 27)",114,95
goddess,"(24, 26, 28)",114,110
goddess,"(11, 23, 25)",108,104
goddess,"(12, 24, 26)",108,107
goddess,"(23, 25, 27)",114,95
goddess,"(24, 26, 28)",114,110
goddess,"(11, 23, 25)",108,104
goddess,"(12, 24, 26)",108,108
goddess,"(23, 25, 27)",114,97
goddess,"(24, 26, 28)",114,113
goddess,"(11, 23, 25)",108,104
goddess,"(12, 24, 26)",108,109
goddess,"(23, 25, 27)",114,98
goddess,"(24, 26, 28)",114,114
goddess,"(11, 23, 25)",108,105
goddess,"(12, 24, 26)",108,111
goddess,"(23, 25, 27)",114,99
goddess,"(24, 26, 28)",114,117
goddess,"(11, 23, 25)",108,105
goddess,"(12, 24, 26)",108,112
goddess,"(23, 25, 27)",114,101
goddess,"(24, 26, 28)",114,118
goddess,"(11, 23, 25)",108,105
goddess,"(12, 24, 26)",108,112
goddess,"(23, 25, 27)",114,106
goddess,"(24, 26, 28)",114,119
goddess,"(11, 23, 25)",108,106
goddess,"(12, 24, 26)",108,113
goddess,"(23, 25, 27)",114,111
goddess,"(24, 26, 28)",114,120
goddess,"(11, 23, 25)",108,106
goddess,"(12, 24, 26)",108,114
goddess,"(23, 25, 27)",114,114
goddess,"(24, 26, 28)",114,120
goddess,"(11, 23, 25)",108,106
goddess,"(12, 24, 26)",108,114
goddess,"(23, 25, 27)",114,115
goddess,"(24, 26, 28)",114,121
goddess,"(11, 23, 25)",108,106
goddess,"(12, 24, 26)",108,115
goddess,"(23, 25, 27)",114,116
goddess,"(24, 26, 28)",114,122
goddess,"(11, 23, 25)",108,105
goddess,"(12, 24, 26)",108,115
goddess,"(23, 25, 27)",114,116
goddess,"(24, 26, 28)",114,122
goddess,"(11, 23, 25)",108,105
goddess,"(12, 24, 26)",108,115
goddess,"(23, 25, 27)",114,116
goddess,"(24, 26, 28)",114,121
goddess,"(11, 23, 25)",108,105
goddess,"(12, 24, 26)",108,115
goddess,"(23, 25, 27)",114,116
goddess,"(24, 26, 28)",114,121
goddess,"(11, 23, 25)",108,105
goddess,"(12, 24, 26)",108,115
goddess,"(23, 25, 27)",114,116
goddess,"(24, 26, 28)",114,122
goddess,"(11, 23, 25)",108,106
goddess,"(12, 24, 26)",108,115
goddess,"(23, 25, 27)",114,118
goddess,"(24, 26, 28)",114,123
goddess,"(11, 23, 25)",108,107
goddess,"(12, 24, 26)",108,116
goddess,"(23, 25, 27)",114,120
goddess,"(24, 26, 28)",114,124
goddess,"(11, 23, 25)",108,109
goddess,"(12, 24, 26)",108,117
goddess,"(23, 25, 27)",114,122
goddess,"(24, 26, 28)",114,128
goddess,"(11, 23, 25)",108,111
goddess,"(12, 24, 26)",108,119
goddess,"(23, 25, 27)",114,125
goddess,"(24, 26, 28)",114,133
goddess,"(11, 23, 25)",108,115
goddess,"(12, 24, 26)",108,122
goddess,"(23, 25, 27)",114,136
goddess,"(24, 26, 28)",114,142
goddess,"(11, 23, 25)",108,122
goddess,"(12, 24, 26)",108,125
goddess,"(23, 25, 27)",114,149
goddess,"(24, 26, 28)",114,150
goddess,"(11, 23, 25)",108,128
goddess,"(12, 24, 26)",108,126
goddess,"(23, 25, 27)",114,160
goddess,"(24, 26, 28)",114,152
goddess,"(11, 23, 25)",108,137
goddess,"(12, 24, 26)",108,121
goddess,"(23, 25, 27)",114,172
goddess,"(24, 26, 28)",114,157
goddess,"(11, 23, 25)",108,153
goddess,"(12, 24, 26)",108,130
goddess,"(23, 25, 27)",114,173
goddess,"(24, 26, 28)",114,157
warrior_inv,"(13, 11, 23)",95,74
warrior_inv,"(14, 12, 24)",97,15
warrior_inv,"(11, 13, 15)",172,42
warrior_inv,"(16, 14, 12)",171,174
warrior_inv,"(11, 23, 25)",135,150
warrior_inv,"(12, 24, 26)",100,174
warrior_inv,"(23, 25, 27)",170,175
warrior_inv,"(24, 26, 28)",110,142
warrior_inv,"(13, 11, 23)",95,90
warrior_inv,"(14, 12, 24)",97,3
warrior_inv,"(11, 13, 15)",172,46
warrior_inv,"(16, 14, 12)",171,162
warrior_inv,"(11, 23, 25)",135,146
warrior_inv,"(12, 24, 26)",100,176
warrior_inv,"(23, 25, 27)",170,176
warrior_inv,"(24, 26, 28)",110,138
warrior_inv,"(13, 11, 23)",95,95
warrior_inv,"(14, 12, 24)",97,37
warrior_inv,"(11, 13, 15)",172,37
warrior_inv,"(16, 14, 12)",171,156
warrior_inv,"(11, 23, 25)",135,152
warrior_inv,"(12, 24, 26)",100,173
warrior_inv,"(23, 25, 27)",170,178
warrior_inv,"(24, 26, 28)",110,125
warrior_inv,"(13, 11, 23)",95,102
warrior_inv,"(14, 12, 24)",97,111
warrior_inv,"(11, 13, 15)",172,45
warrior_inv,"(16, 14, 12)",171,151
warrior_inv,"(11, 23, 25)",135,159
warrior_inv,"(12, 24, 26)",100,161
warrior_inv,"(23, 25, 27)",170,164
warrior_inv,"(24, 26, 28)",110,107
warrior_inv,"(13, 11, 23)",95,112
warrior_inv,"(11, 13, 15)",172,55
warrior_inv,"(11, 23, 25)",135,169
warrior_inv,"(12, 24, 26)",100,162
warrior_inv,"(23, 25, 27)",170,160
warrior_inv,"(24, 26, 28)",110,117
warrior_inv,"(13, 11, 23)",95,112
warrior_inv,"(11, 13, 15)",172,47
warrior_inv,"(11, 23, 25)",135,177
warrior_inv,"(12, 24, 26)",100,177
warrior_inv,"(23, 25, 27)",170,156
warrior_inv,"(24, 26, 28)",110,146
warrior,"(13, 11, 23)",95,137
warrior,"(11, 13, 15)",172,60
warrior,"(11, 23, 25)",100,178
warrior,"(12, 24, 26)",135,175
warrior,"(23, 25, 27)",110,168
warrior,"(24, 26, 28)",170,161
warrior,"(13, 11, 23)",95,107
warrior,"(11, 13, 15)",172,28
warrior,"(11, 23, 25)",100,173
warrior,"(12, 24, 26)",135,163
warrior,"(23, 25, 27)",110,158
warrior,"(24, 26, 28)",170,156
warrior,"(13, 11, 23)",95,104
warrior,"(11, 13, 15)",172,25
warrior,"(11, 23, 25)",100,179
warrior,"(12, 24, 26)",135,160
warrior,"(23, 25, 27)",110,137
warrior,"(24, 26, 28)",170,170
warrior,"(13, 11, 23)",95,87
warrior,"(14, 12, 24)",97,65
warrior,"(11, 13, 15)",172,8
warrior,"(11, 23, 25)",100,175
warrior,"(12, 24, 26)",135,153
warrior,"(23, 25, 27)",110,139
warrior,"(24, 26, 28)",170,153
warrior_inv,"(13, 11, 23)",95,72
warrior_inv,"(14, 12, 24)",97,48
warrior_inv,"(11, 13, 15)",172,25
warrior_inv,"(11, 23, 25)",135,154
warrior_inv,"(12, 24, 26)",100,152
warrior_inv,"(23, 25, 27)",170,112
warrior_inv,"(24, 26, 28)",110,129
warrior_inv,"(13, 11, 23)",95,47
warrior_inv,"(14, 12, 24)",97,50
warrior_inv,"(11, 13, 15)",172,90
warrior_inv,"(11, 23, 25)",135,126
warrior_inv,"(12, 24, 26)",100,144
warrior_inv,"(23, 25, 27)",170,87
warrior_inv,"(24, 26, 28)",110,107
warrior_inv,"(13, 11, 23)",95,29
warrior_inv,"(14, 12, 24)",97,42
warrior_inv,"(11, 13, 15)",172,82
warrior_inv,"(11, 23, 25)",135,118
warrior_inv,"(12, 24, 26)",100,162
warrior_inv,"(23, 25, 27)",170,91
warrior_inv,"(24, 26, 28)",110,136
warrior,"(13, 11, 23)",95,35
warrior,"(14, 12, 24)",97,49
warrior,"(11, 13, 15)",172,74
warrior,"(11, 23, 25)",100,136
warrior,"(12, 24, 26)",135,179
warrior,"(23, 25, 27)",110,123
warrior,"(24, 26, 28)",170,150
warrior,"(13, 11, 23)",95,33
warrior,"(14, 12, 24)",97,84
warrior,"(11, 13, 15)",172,90
warrior,"(11, 23, 25)",100,164
warrior,"(12, 24, 26)",135,170
warrior,"(23, 25, 27)",110,169
warrior,"(24, 26, 28)",170,151
warrior_inv,"(13, 11, 23)",95,11
warrior_inv,"(14, 12, 24)",97,58
warrior_inv,"(11, 13, 15)",172,151
warrior_inv,"(11, 23, 25)",135,176
warrior_inv,"(12, 24, 26)",100,167
warrior_inv,"(23, 25, 27)",170,171
warrior_inv,"(24, 26, 28)",110,140
warrior_inv,"(13, 11, 23)",95,32
warrior_inv,"(11, 13, 15)",172,84
warrior_inv,"(11, 23, 25)",135,158
warrior_inv,"(12, 24, 26)",100,171
warrior_inv,"(23, 25, 27)",170,136
warrior_inv,"(24, 26, 28)",110,126
